{"__meta":{"schema_version":3,"schema_name":"XGBoostModelV3","schema_type":"XGBoostModel"},"model_id":{"__meta":{"schema_version":3,"schema_name":"ModelKeyV3","schema_type":"Key<Model>"},"name":"XGBoost_2_AutoML_1_20250820_00141","type":"Key<Model>","URL":"/3/Models/XGBoost_2_AutoML_1_20250820_00141"},"algo":"xgboost","algo_full_name":"XGBoost","response_column_name":"class","treatment_column_name":null,"data_frame":{"__meta":{"schema_version":3,"schema_name":"FrameKeyV3","schema_type":"Key<Frame>"},"name":"AutoML_1_20250820_00141_training_py_1_sid_817f","type":"Key<Frame>","URL":"/3/Frames/AutoML_1_20250820_00141_training_py_1_sid_817f"},"timestamp":1755648109275,"have_pojo":true,"have_mojo":true,"algo":"xgboost","algo_full_name":"XGBoost","model_id":{"__meta":{"schema_version":3,"schema_name":"ModelKeyV3","schema_type":"Key<Model>"},"name":"XGBoost_2_AutoML_1_20250820_00141","type":"Key<Model>","URL":"/3/Models/XGBoost_2_AutoML_1_20250820_00141"},"parameters":[{"__meta":{"schema_version":3,"schema_name":"ModelParameterSchemaV3","schema_type":"Iced"},"name":"model_id","label":"model_id","help":"Destination id for this model; auto-generated if not specified.","required":false,"type":"Key<Model>","default_value":null,"actual_value":{"__meta":{"schema_version":3,"schema_name":"ModelKeyV3","schema_type":"Key<Model>"},"name":"XGBoost_2_AutoML_1_20250820_00141","type":"Key<Model>","URL":"/3/Models/XGBoost_2_AutoML_1_20250820_00141"},"input_value":null,"level":"critical","values":[],"is_member_of_frames":[],"is_mutually_exclusive_with":[],"gridable":false},{"__meta":{"schema_version":3,"schema_name":"ModelParameterSchemaV3","schema_type":"Iced"},"name":"training_frame","label":"training_frame","help":"Id of the training data frame.","required":false,"type":"Key<Frame>","default_value":null,"actual_value":{"__meta":{"schema_version":3,"schema_name":"FrameKeyV3","schema_type":"Key<Frame>"},"name":"AutoML_1_20250820_00141_training_py_1_sid_817f","type":"Key<Frame>","URL":"/3/Frames/AutoML_1_20250820_00141_training_py_1_sid_817f"},"input_value":{"__meta":{"schema_version":3,"schema_name":"FrameKeyV3","schema_type":"Key<Frame>"},"name":"AutoML_1_20250820_00141_training_py_1_sid_817f","type":"Key<Frame>","URL":"/3/Frames/AutoML_1_20250820_00141_training_py_1_sid_817f"},"level":"critical","values":[],"is_member_of_frames":[],"is_mutually_exclusive_with":[],"gridable":false},{"__meta":{"schema_version":3,"schema_name":"ModelParameterSchemaV3","schema_type":"Iced"},"name":"validation_frame","label":"validation_frame","help":"Id of the validation data frame.","required":false,"type":"Key<Frame>","default_value":null,"actual_value":null,"input_value":null,"level":"critical","values":[],"is_member_of_frames":[],"is_mutually_exclusive_with":[],"gridable":true},{"__meta":{"schema_version":3,"schema_name":"ModelParameterSchemaV3","schema_type":"Iced"},"name":"nfolds","label":"nfolds","help":"Number of folds for K-fold cross-validation (0 to disable or >= 2).","required":false,"type":"int","default_value":0,"actual_value":5,"input_value":5,"level":"critical","values":[],"is_member_of_frames":[],"is_mutually_exclusive_with":[],"gridable":false},{"__meta":{"schema_version":3,"schema_name":"ModelParameterSchemaV3","schema_type":"Iced"},"name":"keep_cross_validation_models","label":"keep_cross_validation_models","help":"Whether to keep the cross-validation models.","required":false,"type":"boolean","default_value":true,"actual_value":false,"input_value":false,"level":"expert","values":[],"is_member_of_frames":[],"is_mutually_exclusive_with":[],"gridable":false},{"__meta":{"schema_version":3,"schema_name":"ModelParameterSchemaV3","schema_type":"Iced"},"name":"keep_cross_validation_predictions","label":"keep_cross_validation_predictions","help":"Whether to keep the predictions of the cross-validation models.","required":false,"type":"boolean","default_value":false,"actual_value":true,"input_value":true,"level":"expert","values":[],"is_member_of_frames":[],"is_mutually_exclusive_with":[],"gridable":false},{"__meta":{"schema_version":3,"schema_name":"ModelParameterSchemaV3","schema_type":"Iced"},"name":"keep_cross_validation_fold_assignment","label":"keep_cross_validation_fold_assignment","help":"Whether to keep the cross-validation fold assignment.","required":false,"type":"boolean","default_value":false,"actual_value":false,"input_value":false,"level":"expert","values":[],"is_member_of_frames":[],"is_mutually_exclusive_with":[],"gridable":false},{"__meta":{"schema_version":3,"schema_name":"ModelParameterSchemaV3","schema_type":"Iced"},"name":"score_each_iteration","label":"score_each_iteration","help":"Whether to score during each iteration of model training.","required":false,"type":"boolean","default_value":false,"actual_value":false,"input_value":false,"level":"secondary","values":[],"is_member_of_frames":[],"is_mutually_exclusive_with":[],"gridable":false},{"__meta":{"schema_version":3,"schema_name":"ModelParameterSchemaV3","schema_type":"Iced"},"name":"fold_assignment","label":"fold_assignment","help":"Cross-validation fold assignment scheme, if fold_column is not specified. The 'Stratified' option will stratify the folds based on the response variable, for classification problems.","required":false,"type":"enum","default_value":"AUTO","actual_value":"Modulo","input_value":"Modulo","level":"secondary","values":["AUTO","Random","Modulo","Stratified"],"is_member_of_frames":[],"is_mutually_exclusive_with":[],"gridable":true},{"__meta":{"schema_version":3,"schema_name":"ModelParameterSchemaV3","schema_type":"Iced"},"name":"fold_column","label":"fold_column","help":"Column with cross-validation fold index assignment per observation.","required":false,"type":"VecSpecifier","default_value":null,"actual_value":null,"input_value":null,"level":"secondary","values":[],"is_member_of_frames":["training_frame"],"is_mutually_exclusive_with":["response_column","weights_column","ignored_columns","offset_column"],"gridable":true},{"__meta":{"schema_version":3,"schema_name":"ModelParameterSchemaV3","schema_type":"Iced"},"name":"response_column","label":"response_column","help":"Response variable column.","required":false,"type":"VecSpecifier","default_value":null,"actual_value":{"__meta":{"schema_version":3,"schema_name":"ColSpecifierV3","schema_type":"VecSpecifier"},"column_name":"class","is_member_of_frames":null},"input_value":{"__meta":{"schema_version":3,"schema_name":"ColSpecifierV3","schema_type":"VecSpecifier"},"column_name":"class","is_member_of_frames":null},"level":"critical","values":[],"is_member_of_frames":["training_frame","validation_frame"],"is_mutually_exclusive_with":["weights_column","ignored_columns","offset_column","fold_column"],"gridable":true},{"__meta":{"schema_version":3,"schema_name":"ModelParameterSchemaV3","schema_type":"Iced"},"name":"ignored_columns","label":"ignored_columns","help":"Names of columns to ignore for training.","required":false,"type":"string[]","default_value":null,"actual_value":["domain"],"input_value":["domain"],"level":"critical","values":[],"is_member_of_frames":["training_frame","validation_frame"],"is_mutually_exclusive_with":["response_column","weights_column","offset_column","fold_column"],"gridable":false},{"__meta":{"schema_version":3,"schema_name":"ModelParameterSchemaV3","schema_type":"Iced"},"name":"ignore_const_cols","label":"ignore_const_cols","help":"Ignore constant columns.","required":false,"type":"boolean","default_value":true,"actual_value":true,"input_value":true,"level":"critical","values":[],"is_member_of_frames":[],"is_mutually_exclusive_with":[],"gridable":false},{"__meta":{"schema_version":3,"schema_name":"ModelParameterSchemaV3","schema_type":"Iced"},"name":"offset_column","label":"offset_column","help":"Offset column. This will be added to the combination of columns before applying the link function.","required":false,"type":"VecSpecifier","default_value":null,"actual_value":null,"input_value":null,"level":"secondary","values":[],"is_member_of_frames":["training_frame","validation_frame"],"is_mutually_exclusive_with":["response_column","weights_column","ignored_columns","fold_column"],"gridable":true},{"__meta":{"schema_version":3,"schema_name":"ModelParameterSchemaV3","schema_type":"Iced"},"name":"weights_column","label":"weights_column","help":"Column with observation weights. Giving some observation a weight of zero is equivalent to excluding it from the dataset; giving an observation a relative weight of 2 is equivalent to repeating that row twice. Negative weights are not allowed. Note: Weights are per-row observation weights and do not increase the size of the data frame. This is typically the number of times a row is repeated, but non-integer values are supported as well. During training, rows with higher weights matter more, due to the larger loss function pre-factor. If you set weight = 0 for a row, the returned prediction frame at that row is zero and this is incorrect. To get an accurate prediction, remove all rows with weight == 0.","required":false,"type":"VecSpecifier","default_value":null,"actual_value":null,"input_value":null,"level":"secondary","values":[],"is_member_of_frames":["training_frame","validation_frame"],"is_mutually_exclusive_with":["response_column","ignored_columns","offset_column","fold_column"],"gridable":true},{"__meta":{"schema_version":3,"schema_name":"ModelParameterSchemaV3","schema_type":"Iced"},"name":"stopping_rounds","label":"stopping_rounds","help":"Early stopping based on convergence of stopping_metric. Stop if simple moving average of length k of the stopping_metric does not improve for k:=stopping_rounds scoring events (0 to disable)","required":false,"type":"int","default_value":0,"actual_value":0,"input_value":3,"level":"secondary","values":[],"is_member_of_frames":[],"is_mutually_exclusive_with":[],"gridable":true},{"__meta":{"schema_version":3,"schema_name":"ModelParameterSchemaV3","schema_type":"Iced"},"name":"stopping_metric","label":"stopping_metric","help":"Metric to use for early stopping (AUTO: logloss for classification, deviance for regression and anomaly_score for Isolation Forest). Note that custom and custom_increasing can only be used in GBM and DRF with the Python client.","required":false,"type":"enum","default_value":"AUTO","actual_value":"logloss","input_value":"logloss","level":"secondary","values":["AUTO","deviance","logloss","MSE","RMSE","MAE","RMSLE","AUC","AUCPR","lift_top_group","misclassification","mean_per_class_error","anomaly_score","AUUC","ATE","ATT","ATC","qini","custom","custom_increasing"],"is_member_of_frames":[],"is_mutually_exclusive_with":[],"gridable":true},{"__meta":{"schema_version":3,"schema_name":"ModelParameterSchemaV3","schema_type":"Iced"},"name":"stopping_tolerance","label":"stopping_tolerance","help":"Relative tolerance for metric-based stopping criterion (stop if relative improvement is not at least this much)","required":false,"type":"double","default_value":0.001,"actual_value":0.05,"input_value":0.05,"level":"secondary","values":[],"is_member_of_frames":[],"is_mutually_exclusive_with":[],"gridable":true},{"__meta":{"schema_version":3,"schema_name":"ModelParameterSchemaV3","schema_type":"Iced"},"name":"max_runtime_secs","label":"max_runtime_secs","help":"Maximum allowed runtime in seconds for model training. Use 0 to disable.","required":false,"type":"double","default_value":0.0,"actual_value":0.0,"input_value":0.0,"level":"secondary","values":[],"is_member_of_frames":[],"is_mutually_exclusive_with":[],"gridable":true},{"__meta":{"schema_version":3,"schema_name":"ModelParameterSchemaV3","schema_type":"Iced"},"name":"seed","label":"seed","help":"Seed for pseudo random number generator (if applicable)","required":false,"type":"long","default_value":-1,"actual_value":4,"input_value":4,"level":"critical","values":[],"is_member_of_frames":[],"is_mutually_exclusive_with":[],"gridable":true},{"__meta":{"schema_version":3,"schema_name":"ModelParameterSchemaV3","schema_type":"Iced"},"name":"distribution","label":"distribution","help":"Distribution function","required":false,"type":"enum","default_value":"AUTO","actual_value":"bernoulli","input_value":"bernoulli","level":"secondary","values":["AUTO","bernoulli","quasibinomial","ordinal","multinomial","gaussian","poisson","gamma","tweedie","laplace","quantile","huber","custom"],"is_member_of_frames":[],"is_mutually_exclusive_with":[],"gridable":true},{"__meta":{"schema_version":3,"schema_name":"ModelParameterSchemaV3","schema_type":"Iced"},"name":"tweedie_power","label":"tweedie_power","help":"Tweedie power for Tweedie regression, must be between 1 and 2.","required":false,"type":"double","default_value":1.5,"actual_value":1.5,"input_value":1.5,"level":"secondary","values":[],"is_member_of_frames":[],"is_mutually_exclusive_with":[],"gridable":true},{"__meta":{"schema_version":3,"schema_name":"ModelParameterSchemaV3","schema_type":"Iced"},"name":"categorical_encoding","label":"categorical_encoding","help":"Encoding scheme for categorical features","required":false,"type":"enum","default_value":"AUTO","actual_value":"OneHotInternal","input_value":"AUTO","level":"secondary","values":["AUTO","Enum","OneHotInternal","OneHotExplicit","Binary","Eigen","LabelEncoder","SortByResponse","EnumLimited"],"is_member_of_frames":[],"is_mutually_exclusive_with":[],"gridable":true},{"__meta":{"schema_version":3,"schema_name":"ModelParameterSchemaV3","schema_type":"Iced"},"name":"quiet_mode","label":"quiet_mode","help":"Enable quiet mode","required":false,"type":"boolean","default_value":true,"actual_value":true,"input_value":true,"level":"expert","values":[],"is_member_of_frames":[],"is_mutually_exclusive_with":[],"gridable":false},{"__meta":{"schema_version":3,"schema_name":"ModelParameterSchemaV3","schema_type":"Iced"},"name":"checkpoint","label":"checkpoint","help":"Model checkpoint to resume training with.","required":false,"type":"Key<Model>","default_value":null,"actual_value":null,"input_value":null,"level":"secondary","values":[],"is_member_of_frames":[],"is_mutually_exclusive_with":[],"gridable":false},{"__meta":{"schema_version":3,"schema_name":"ModelParameterSchemaV3","schema_type":"Iced"},"name":"export_checkpoints_dir","label":"export_checkpoints_dir","help":"Automatically export generated models to this directory.","required":false,"type":"string","default_value":null,"actual_value":null,"input_value":null,"level":"secondary","values":[],"is_member_of_frames":[],"is_mutually_exclusive_with":[],"gridable":false},{"__meta":{"schema_version":3,"schema_name":"ModelParameterSchemaV3","schema_type":"Iced"},"name":"custom_metric_func","label":"custom_metric_func","help":"Reference to custom evaluation function, format: `language:keyName=funcName`","required":false,"type":"string","default_value":null,"actual_value":null,"input_value":null,"level":"secondary","values":[],"is_member_of_frames":[],"is_mutually_exclusive_with":[],"gridable":false},{"__meta":{"schema_version":3,"schema_name":"ModelParameterSchemaV3","schema_type":"Iced"},"name":"ntrees","label":"ntrees","help":"(same as n_estimators) Number of trees.","required":false,"type":"int","default_value":50,"actual_value":35,"input_value":10000,"level":"critical","values":[],"is_member_of_frames":[],"is_mutually_exclusive_with":[],"gridable":true},{"__meta":{"schema_version":3,"schema_name":"ModelParameterSchemaV3","schema_type":"Iced"},"name":"max_depth","label":"max_depth","help":"Maximum tree depth (0 for unlimited).","required":false,"type":"int","default_value":6,"actual_value":10,"input_value":10,"level":"critical","values":[],"is_member_of_frames":[],"is_mutually_exclusive_with":[],"gridable":true},{"__meta":{"schema_version":3,"schema_name":"ModelParameterSchemaV3","schema_type":"Iced"},"name":"min_rows","label":"min_rows","help":"(same as min_child_weight) Fewest allowed (weighted) observations in a leaf.","required":false,"type":"double","default_value":1.0,"actual_value":5.0,"input_value":5.0,"level":"critical","values":[],"is_member_of_frames":[],"is_mutually_exclusive_with":[],"gridable":true},{"__meta":{"schema_version":3,"schema_name":"ModelParameterSchemaV3","schema_type":"Iced"},"name":"min_child_weight","label":"min_child_weight","help":"(same as min_rows) Fewest allowed (weighted) observations in a leaf.","required":false,"type":"double","default_value":1.0,"actual_value":5.0,"input_value":1.0,"level":"expert","values":[],"is_member_of_frames":[],"is_mutually_exclusive_with":[],"gridable":true},{"__meta":{"schema_version":3,"schema_name":"ModelParameterSchemaV3","schema_type":"Iced"},"name":"learn_rate","label":"learn_rate","help":"(same as eta) Learning rate (from 0.0 to 1.0)","required":false,"type":"double","default_value":0.3,"actual_value":0.3,"input_value":0.3,"level":"expert","values":[],"is_member_of_frames":[],"is_mutually_exclusive_with":[],"gridable":true},{"__meta":{"schema_version":3,"schema_name":"ModelParameterSchemaV3","schema_type":"Iced"},"name":"eta","label":"eta","help":"(same as learn_rate) Learning rate (from 0.0 to 1.0)","required":false,"type":"double","default_value":0.3,"actual_value":0.3,"input_value":0.3,"level":"critical","values":[],"is_member_of_frames":[],"is_mutually_exclusive_with":[],"gridable":true},{"__meta":{"schema_version":3,"schema_name":"ModelParameterSchemaV3","schema_type":"Iced"},"name":"sample_rate","label":"sample_rate","help":"(same as subsample) Row sample rate per tree (from 0.0 to 1.0)","required":false,"type":"double","default_value":1.0,"actual_value":0.6,"input_value":0.6,"level":"critical","values":[],"is_member_of_frames":[],"is_mutually_exclusive_with":[],"gridable":true},{"__meta":{"schema_version":3,"schema_name":"ModelParameterSchemaV3","schema_type":"Iced"},"name":"subsample","label":"subsample","help":"(same as sample_rate) Row sample rate per tree (from 0.0 to 1.0)","required":false,"type":"double","default_value":1.0,"actual_value":0.6,"input_value":1.0,"level":"expert","values":[],"is_member_of_frames":[],"is_mutually_exclusive_with":[],"gridable":true},{"__meta":{"schema_version":3,"schema_name":"ModelParameterSchemaV3","schema_type":"Iced"},"name":"col_sample_rate","label":"col_sample_rate","help":"(same as colsample_bylevel) Column sample rate (from 0.0 to 1.0)","required":false,"type":"double","default_value":1.0,"actual_value":0.8,"input_value":0.8,"level":"critical","values":[],"is_member_of_frames":[],"is_mutually_exclusive_with":[],"gridable":true},{"__meta":{"schema_version":3,"schema_name":"ModelParameterSchemaV3","schema_type":"Iced"},"name":"colsample_bylevel","label":"colsample_bylevel","help":"(same as col_sample_rate) Column sample rate (from 0.0 to 1.0)","required":false,"type":"double","default_value":1.0,"actual_value":0.8,"input_value":1.0,"level":"expert","values":[],"is_member_of_frames":[],"is_mutually_exclusive_with":[],"gridable":true},{"__meta":{"schema_version":3,"schema_name":"ModelParameterSchemaV3","schema_type":"Iced"},"name":"col_sample_rate_per_tree","label":"col_sample_rate_per_tree","help":"(same as colsample_bytree) Column sample rate per tree (from 0.0 to 1.0)","required":false,"type":"double","default_value":1.0,"actual_value":0.8,"input_value":0.8,"level":"secondary","values":[],"is_member_of_frames":[],"is_mutually_exclusive_with":[],"gridable":true},{"__meta":{"schema_version":3,"schema_name":"ModelParameterSchemaV3","schema_type":"Iced"},"name":"colsample_bytree","label":"colsample_bytree","help":"(same as col_sample_rate_per_tree) Column sample rate per tree (from 0.0 to 1.0)","required":false,"type":"double","default_value":1.0,"actual_value":0.8,"input_value":1.0,"level":"expert","values":[],"is_member_of_frames":[],"is_mutually_exclusive_with":[],"gridable":true},{"__meta":{"schema_version":3,"schema_name":"ModelParameterSchemaV3","schema_type":"Iced"},"name":"colsample_bynode","label":"colsample_bynode","help":"Column sample rate per tree node (from 0.0 to 1.0)","required":false,"type":"double","default_value":1.0,"actual_value":1.0,"input_value":1.0,"level":"secondary","values":[],"is_member_of_frames":[],"is_mutually_exclusive_with":[],"gridable":true},{"__meta":{"schema_version":3,"schema_name":"ModelParameterSchemaV3","schema_type":"Iced"},"name":"max_abs_leafnode_pred","label":"max_abs_leafnode_pred","help":"(same as max_delta_step) Maximum absolute value of a leaf node prediction","required":false,"type":"float","default_value":0.0,"actual_value":0.0,"input_value":0.0,"level":"expert","values":[],"is_member_of_frames":[],"is_mutually_exclusive_with":[],"gridable":true},{"__meta":{"schema_version":3,"schema_name":"ModelParameterSchemaV3","schema_type":"Iced"},"name":"max_delta_step","label":"max_delta_step","help":"(same as max_abs_leafnode_pred) Maximum absolute value of a leaf node prediction","required":false,"type":"float","default_value":0.0,"actual_value":0.0,"input_value":0.0,"level":"expert","values":[],"is_member_of_frames":[],"is_mutually_exclusive_with":[],"gridable":true},{"__meta":{"schema_version":3,"schema_name":"ModelParameterSchemaV3","schema_type":"Iced"},"name":"monotone_constraints","label":"monotone_constraints","help":"A mapping representing monotonic constraints. Use +1 to enforce an increasing constraint and -1 to specify a decreasing constraint.","required":false,"type":"KeyValue[]","default_value":null,"actual_value":null,"input_value":null,"level":"secondary","values":[],"is_member_of_frames":[],"is_mutually_exclusive_with":[],"gridable":false},{"__meta":{"schema_version":3,"schema_name":"ModelParameterSchemaV3","schema_type":"Iced"},"name":"interaction_constraints","label":"interaction_constraints","help":"A set of allowed column interactions.","required":false,"type":"string[][]","default_value":null,"actual_value":null,"input_value":null,"level":"expert","values":[],"is_member_of_frames":[],"is_mutually_exclusive_with":[],"gridable":false},{"__meta":{"schema_version":3,"schema_name":"ModelParameterSchemaV3","schema_type":"Iced"},"name":"score_tree_interval","label":"score_tree_interval","help":"Score the model after every so many trees. Disabled if set to 0.","required":false,"type":"int","default_value":0,"actual_value":5,"input_value":5,"level":"secondary","values":[],"is_member_of_frames":[],"is_mutually_exclusive_with":[],"gridable":false},{"__meta":{"schema_version":3,"schema_name":"ModelParameterSchemaV3","schema_type":"Iced"},"name":"min_split_improvement","label":"min_split_improvement","help":"(same as gamma) Minimum relative improvement in squared error reduction for a split to happen","required":false,"type":"float","default_value":0.0,"actual_value":0.0,"input_value":0.0,"level":"secondary","values":[],"is_member_of_frames":[],"is_mutually_exclusive_with":[],"gridable":true},{"__meta":{"schema_version":3,"schema_name":"ModelParameterSchemaV3","schema_type":"Iced"},"name":"gamma","label":"gamma","help":"(same as min_split_improvement) Minimum relative improvement in squared error reduction for a split to happen","required":false,"type":"float","default_value":0.0,"actual_value":0.0,"input_value":0.0,"level":"expert","values":[],"is_member_of_frames":[],"is_mutually_exclusive_with":[],"gridable":true},{"__meta":{"schema_version":3,"schema_name":"ModelParameterSchemaV3","schema_type":"Iced"},"name":"nthread","label":"nthread","help":"Number of parallel threads that can be used to run XGBoost. Cannot exceed H2O cluster limits (-nthreads parameter). Defaults to maximum available","required":false,"type":"int","default_value":-1,"actual_value":-1,"input_value":-1,"level":"expert","values":[],"is_member_of_frames":[],"is_mutually_exclusive_with":[],"gridable":false},{"__meta":{"schema_version":3,"schema_name":"ModelParameterSchemaV3","schema_type":"Iced"},"name":"save_matrix_directory","label":"save_matrix_directory","help":"Directory where to save matrices passed to XGBoost library. Useful for debugging.","required":false,"type":"string","default_value":null,"actual_value":null,"input_value":null,"level":"expert","values":[],"is_member_of_frames":[],"is_mutually_exclusive_with":[],"gridable":false},{"__meta":{"schema_version":3,"schema_name":"ModelParameterSchemaV3","schema_type":"Iced"},"name":"build_tree_one_node","label":"build_tree_one_node","help":"Run on one node only; no network overhead but fewer cpus used. Suitable for small datasets.","required":false,"type":"boolean","default_value":false,"actual_value":false,"input_value":false,"level":"expert","values":[],"is_member_of_frames":[],"is_mutually_exclusive_with":[],"gridable":false},{"__meta":{"schema_version":3,"schema_name":"ModelParameterSchemaV3","schema_type":"Iced"},"name":"parallelize_cross_validation","label":"parallelize_cross_validation","help":"Allow parallel training of cross-validation models","required":false,"type":"boolean","default_value":true,"actual_value":true,"input_value":true,"level":"expert","values":[],"is_member_of_frames":[],"is_mutually_exclusive_with":[],"gridable":false},{"__meta":{"schema_version":3,"schema_name":"ModelParameterSchemaV3","schema_type":"Iced"},"name":"calibrate_model","label":"calibrate_model","help":"Use Platt Scaling (default) or Isotonic Regression to calculate calibrated class probabilities. Calibration can provide more accurate estimates of class probabilities.","required":false,"type":"boolean","default_value":false,"actual_value":false,"input_value":false,"level":"expert","values":[],"is_member_of_frames":[],"is_mutually_exclusive_with":[],"gridable":false},{"__meta":{"schema_version":3,"schema_name":"ModelParameterSchemaV3","schema_type":"Iced"},"name":"calibration_frame","label":"calibration_frame","help":"Data for model calibration","required":false,"type":"Key<Frame>","default_value":null,"actual_value":null,"input_value":null,"level":"expert","values":[],"is_member_of_frames":[],"is_mutually_exclusive_with":[],"gridable":false},{"__meta":{"schema_version":3,"schema_name":"ModelParameterSchemaV3","schema_type":"Iced"},"name":"calibration_method","label":"calibration_method","help":"Calibration method to use","required":false,"type":"enum","default_value":"AUTO","actual_value":"PlattScaling","input_value":"AUTO","level":"expert","values":["AUTO","PlattScaling","IsotonicRegression"],"is_member_of_frames":[],"is_mutually_exclusive_with":[],"gridable":false},{"__meta":{"schema_version":3,"schema_name":"ModelParameterSchemaV3","schema_type":"Iced"},"name":"max_bins","label":"max_bins","help":"For tree_method=hist only: maximum number of bins","required":false,"type":"int","default_value":256,"actual_value":256,"input_value":256,"level":"expert","values":[],"is_member_of_frames":[],"is_mutually_exclusive_with":[],"gridable":true},{"__meta":{"schema_version":3,"schema_name":"ModelParameterSchemaV3","schema_type":"Iced"},"name":"max_leaves","label":"max_leaves","help":"For tree_method=hist only: maximum number of leaves","required":false,"type":"int","default_value":0,"actual_value":0,"input_value":0,"level":"secondary","values":[],"is_member_of_frames":[],"is_mutually_exclusive_with":[],"gridable":true},{"__meta":{"schema_version":3,"schema_name":"ModelParameterSchemaV3","schema_type":"Iced"},"name":"sample_type","label":"sample_type","help":"For booster=dart only: sample_type","required":false,"type":"enum","default_value":"uniform","actual_value":"uniform","input_value":"uniform","level":"expert","values":["uniform","weighted"],"is_member_of_frames":[],"is_mutually_exclusive_with":[],"gridable":true},{"__meta":{"schema_version":3,"schema_name":"ModelParameterSchemaV3","schema_type":"Iced"},"name":"normalize_type","label":"normalize_type","help":"For booster=dart only: normalize_type","required":false,"type":"enum","default_value":"tree","actual_value":"tree","input_value":"tree","level":"expert","values":["tree","forest"],"is_member_of_frames":[],"is_mutually_exclusive_with":[],"gridable":true},{"__meta":{"schema_version":3,"schema_name":"ModelParameterSchemaV3","schema_type":"Iced"},"name":"rate_drop","label":"rate_drop","help":"For booster=dart only: rate_drop (0..1)","required":false,"type":"float","default_value":0.0,"actual_value":0.0,"input_value":0.0,"level":"expert","values":[],"is_member_of_frames":[],"is_mutually_exclusive_with":[],"gridable":true},{"__meta":{"schema_version":3,"schema_name":"ModelParameterSchemaV3","schema_type":"Iced"},"name":"one_drop","label":"one_drop","help":"For booster=dart only: one_drop","required":false,"type":"boolean","default_value":false,"actual_value":false,"input_value":false,"level":"expert","values":[],"is_member_of_frames":[],"is_mutually_exclusive_with":[],"gridable":true},{"__meta":{"schema_version":3,"schema_name":"ModelParameterSchemaV3","schema_type":"Iced"},"name":"skip_drop","label":"skip_drop","help":"For booster=dart only: skip_drop (0..1)","required":false,"type":"float","default_value":0.0,"actual_value":0.0,"input_value":0.0,"level":"expert","values":[],"is_member_of_frames":[],"is_mutually_exclusive_with":[],"gridable":true},{"__meta":{"schema_version":3,"schema_name":"ModelParameterSchemaV3","schema_type":"Iced"},"name":"tree_method","label":"tree_method","help":"Tree method","required":false,"type":"enum","default_value":"auto","actual_value":"exact","input_value":"auto","level":"secondary","values":["auto","exact","approx","hist"],"is_member_of_frames":[],"is_mutually_exclusive_with":[],"gridable":true},{"__meta":{"schema_version":3,"schema_name":"ModelParameterSchemaV3","schema_type":"Iced"},"name":"grow_policy","label":"grow_policy","help":"Grow policy - depthwise is standard GBM, lossguide is LightGBM","required":false,"type":"enum","default_value":"depthwise","actual_value":"depthwise","input_value":"depthwise","level":"secondary","values":["depthwise","lossguide"],"is_member_of_frames":[],"is_mutually_exclusive_with":[],"gridable":true},{"__meta":{"schema_version":3,"schema_name":"ModelParameterSchemaV3","schema_type":"Iced"},"name":"booster","label":"booster","help":"Booster type","required":false,"type":"enum","default_value":"gbtree","actual_value":"gbtree","input_value":"gbtree","level":"expert","values":["gbtree","gblinear","dart"],"is_member_of_frames":[],"is_mutually_exclusive_with":[],"gridable":true},{"__meta":{"schema_version":3,"schema_name":"ModelParameterSchemaV3","schema_type":"Iced"},"name":"reg_lambda","label":"reg_lambda","help":"L2 regularization","required":false,"type":"float","default_value":1.0,"actual_value":1.0,"input_value":1.0,"level":"expert","values":[],"is_member_of_frames":[],"is_mutually_exclusive_with":[],"gridable":true},{"__meta":{"schema_version":3,"schema_name":"ModelParameterSchemaV3","schema_type":"Iced"},"name":"reg_alpha","label":"reg_alpha","help":"L1 regularization","required":false,"type":"float","default_value":0.0,"actual_value":0.0,"input_value":0.0,"level":"expert","values":[],"is_member_of_frames":[],"is_mutually_exclusive_with":[],"gridable":true},{"__meta":{"schema_version":3,"schema_name":"ModelParameterSchemaV3","schema_type":"Iced"},"name":"dmatrix_type","label":"dmatrix_type","help":"Type of DMatrix. For sparse, NAs and 0 are treated equally.","required":false,"type":"enum","default_value":"auto","actual_value":"dense","input_value":"auto","level":"secondary","values":["auto","dense","sparse"],"is_member_of_frames":[],"is_mutually_exclusive_with":[],"gridable":true},{"__meta":{"schema_version":3,"schema_name":"ModelParameterSchemaV3","schema_type":"Iced"},"name":"backend","label":"backend","help":"Backend. By default (auto), a GPU is used if available.","required":false,"type":"enum","default_value":"auto","actual_value":"cpu","input_value":"auto","level":"expert","values":["auto","gpu","cpu"],"is_member_of_frames":[],"is_mutually_exclusive_with":[],"gridable":true},{"__meta":{"schema_version":3,"schema_name":"ModelParameterSchemaV3","schema_type":"Iced"},"name":"gpu_id","label":"gpu_id","help":"Which GPU(s) to use. ","required":false,"type":"int[]","default_value":null,"actual_value":null,"input_value":null,"level":"expert","values":[],"is_member_of_frames":[],"is_mutually_exclusive_with":[],"gridable":false},{"__meta":{"schema_version":3,"schema_name":"ModelParameterSchemaV3","schema_type":"Iced"},"name":"gainslift_bins","label":"gainslift_bins","help":"Gains/Lift table number of bins. 0 means disabled.. Default value -1 means automatic binning.","required":false,"type":"int","default_value":-1,"actual_value":-1,"input_value":-1,"level":"secondary","values":[],"is_member_of_frames":[],"is_mutually_exclusive_with":[],"gridable":false},{"__meta":{"schema_version":3,"schema_name":"ModelParameterSchemaV3","schema_type":"Iced"},"name":"auc_type","label":"auc_type","help":"Set default multinomial AUC type.","required":false,"type":"enum","default_value":"AUTO","actual_value":"AUTO","input_value":"AUTO","level":"secondary","values":["AUTO","NONE","MACRO_OVR","WEIGHTED_OVR","MACRO_OVO","WEIGHTED_OVO"],"is_member_of_frames":[],"is_mutually_exclusive_with":[],"gridable":true},{"__meta":{"schema_version":3,"schema_name":"ModelParameterSchemaV3","schema_type":"Iced"},"name":"scale_pos_weight","label":"scale_pos_weight","help":"Controls the effect of observations with positive labels in relation to the observations with negative labels on gradient calculation. Useful for imbalanced problems.","required":false,"type":"float","default_value":1.0,"actual_value":1.0,"input_value":1.0,"level":"expert","values":[],"is_member_of_frames":[],"is_mutually_exclusive_with":[],"gridable":true},{"__meta":{"schema_version":3,"schema_name":"ModelParameterSchemaV3","schema_type":"Iced"},"name":"eval_metric","label":"eval_metric","help":"Specification of evaluation metric that will be passed to the native XGBoost backend.","required":false,"type":"string","default_value":null,"actual_value":null,"input_value":null,"level":"expert","values":[],"is_member_of_frames":[],"is_mutually_exclusive_with":[],"gridable":true},{"__meta":{"schema_version":3,"schema_name":"ModelParameterSchemaV3","schema_type":"Iced"},"name":"score_eval_metric_only","label":"score_eval_metric_only","help":"If enabled, score only the evaluation metric. This can make model training faster if scoring is frequent (eg. each iteration).","required":false,"type":"boolean","default_value":false,"actual_value":false,"input_value":false,"level":"expert","values":[],"is_member_of_frames":[],"is_mutually_exclusive_with":[],"gridable":true}],"output":{"__meta":{"schema_version":3,"schema_name":"XGBoostModelOutputV3","schema_type":"XGBoostOutput"},"names":["length","entropy","class"],"original_names":null,"column_types":["Numeric","Numeric","Enum"],"domains":[null,null,["dga","legit"]],"cross_validation_models":null,"cross_validation_predictions":[{"__meta":{"schema_version":3,"schema_name":"FrameKeyV3","schema_type":"Key<Frame>"},"name":"prediction_XGBoost_2_AutoML_1_20250820_00141_cv_1","type":"Key<Frame>","URL":"/3/Frames/prediction_XGBoost_2_AutoML_1_20250820_00141_cv_1"},{"__meta":{"schema_version":3,"schema_name":"FrameKeyV3","schema_type":"Key<Frame>"},"name":"prediction_XGBoost_2_AutoML_1_20250820_00141_cv_2","type":"Key<Frame>","URL":"/3/Frames/prediction_XGBoost_2_AutoML_1_20250820_00141_cv_2"},{"__meta":{"schema_version":3,"schema_name":"FrameKeyV3","schema_type":"Key<Frame>"},"name":"prediction_XGBoost_2_AutoML_1_20250820_00141_cv_3","type":"Key<Frame>","URL":"/3/Frames/prediction_XGBoost_2_AutoML_1_20250820_00141_cv_3"},{"__meta":{"schema_version":3,"schema_name":"FrameKeyV3","schema_type":"Key<Frame>"},"name":"prediction_XGBoost_2_AutoML_1_20250820_00141_cv_4","type":"Key<Frame>","URL":"/3/Frames/prediction_XGBoost_2_AutoML_1_20250820_00141_cv_4"},{"__meta":{"schema_version":3,"schema_name":"FrameKeyV3","schema_type":"Key<Frame>"},"name":"prediction_XGBoost_2_AutoML_1_20250820_00141_cv_5","type":"Key<Frame>","URL":"/3/Frames/prediction_XGBoost_2_AutoML_1_20250820_00141_cv_5"}],"cross_validation_holdout_predictions_frame_id":{"__meta":{"schema_version":3,"schema_name":"FrameKeyV3","schema_type":"Key<Frame>"},"name":"cv_holdout_prediction_XGBoost_2_AutoML_1_20250820_00141","type":"Key<Frame>","URL":"/3/Frames/cv_holdout_prediction_XGBoost_2_AutoML_1_20250820_00141"},"cross_validation_fold_assignment_frame_id":null,"model_category":"Binomial","model_summary":{"__meta":{"schema_version":3,"schema_name":"TwoDimTableV3","schema_type":"TwoDimTable"},"name":"Model Summary","description":"","columns":[{"__meta":{"schema_version":-1,"schema_name":"ColumnSpecsBase","schema_type":"Iced"},"name":"","type":"string","format":"%s","description":""},{"__meta":{"schema_version":-1,"schema_name":"ColumnSpecsBase","schema_type":"Iced"},"name":"number_of_trees","type":"long","format":"%d","description":"Number of Trees"}],"rowcount":1,"data":[[""],[35]]},"scoring_history":{"__meta":{"schema_version":3,"schema_name":"TwoDimTableV3","schema_type":"TwoDimTable"},"name":"Scoring History","description":"","columns":[{"__meta":{"schema_version":-1,"schema_name":"ColumnSpecsBase","schema_type":"Iced"},"name":"","type":"string","format":"%s","description":""},{"__meta":{"schema_version":-1,"schema_name":"ColumnSpecsBase","schema_type":"Iced"},"name":"timestamp","type":"string","format":"%s","description":"Timestamp"},{"__meta":{"schema_version":-1,"schema_name":"ColumnSpecsBase","schema_type":"Iced"},"name":"duration","type":"string","format":"%s","description":"Duration"},{"__meta":{"schema_version":-1,"schema_name":"ColumnSpecsBase","schema_type":"Iced"},"name":"number_of_trees","type":"long","format":"%d","description":"Number of Trees"},{"__meta":{"schema_version":-1,"schema_name":"ColumnSpecsBase","schema_type":"Iced"},"name":"training_rmse","type":"double","format":"%.5f","description":"Training RMSE"},{"__meta":{"schema_version":-1,"schema_name":"ColumnSpecsBase","schema_type":"Iced"},"name":"training_logloss","type":"double","format":"%.5f","description":"Training LogLoss"},{"__meta":{"schema_version":-1,"schema_name":"ColumnSpecsBase","schema_type":"Iced"},"name":"training_auc","type":"double","format":"%.5f","description":"Training AUC"},{"__meta":{"schema_version":-1,"schema_name":"ColumnSpecsBase","schema_type":"Iced"},"name":"training_pr_auc","type":"double","format":"%.5f","description":"Training pr_auc"},{"__meta":{"schema_version":-1,"schema_name":"ColumnSpecsBase","schema_type":"Iced"},"name":"training_lift","type":"double","format":"%.5f","description":"Training Lift"},{"__meta":{"schema_version":-1,"schema_name":"ColumnSpecsBase","schema_type":"Iced"},"name":"training_classification_error","type":"double","format":"%.5f","description":"Training Classification Error"}],"rowcount":8,"data":[["","","","","","","",""],["2025-08-20 00:01:48","2025-08-20 00:01:48","2025-08-20 00:01:48","2025-08-20 00:01:48","2025-08-20 00:01:48","2025-08-20 00:01:49","2025-08-20 00:01:49","2025-08-20 00:01:49"],[" 1.797 sec"," 1.884 sec"," 1.921 sec"," 1.953 sec"," 1.997 sec"," 2.034 sec"," 2.113 sec"," 2.260 sec"],[0,5,10,15,20,25,30,35],[0.5,0.11669802122016751,0.06974875769743309,0.06996188473022641,0.06975712348754708,0.06979617449329763,0.06979868112744217,0.06977616991867602],[0.6931471805599465,0.1240863202283362,0.072300303747784,0.07241944635535404,0.07230498988393648,0.07232680867031899,0.07232820365735637,0.072315623331657],[0.5,1.0,1.0,1.0,1.0,1.0,1.0,1.0],[0.5,1.0,1.0,1.0,1.0,1.0,1.0,1.0],[1.0,2.0,2.0,2.0,2.0,2.0,2.0,2.0],[0.5,0.0,0.0,0.0,0.0,0.0,0.0,0.0]]},"cv_scoring_history":[{"__meta":{"schema_version":3,"schema_name":"TwoDimTableV3","schema_type":"TwoDimTable"},"name":"Scoring History","description":"","columns":[{"__meta":{"schema_version":-1,"schema_name":"ColumnSpecsBase","schema_type":"Iced"},"name":"","type":"string","format":"%s","description":""},{"__meta":{"schema_version":-1,"schema_name":"ColumnSpecsBase","schema_type":"Iced"},"name":"timestamp","type":"string","format":"%s","description":"Timestamp"},{"__meta":{"schema_version":-1,"schema_name":"ColumnSpecsBase","schema_type":"Iced"},"name":"duration","type":"string","format":"%s","description":"Duration"},{"__meta":{"schema_version":-1,"schema_name":"ColumnSpecsBase","schema_type":"Iced"},"name":"number_of_trees","type":"long","format":"%d","description":"Number of Trees"},{"__meta":{"schema_version":-1,"schema_name":"ColumnSpecsBase","schema_type":"Iced"},"name":"training_rmse","type":"double","format":"%.5f","description":"Training RMSE"},{"__meta":{"schema_version":-1,"schema_name":"ColumnSpecsBase","schema_type":"Iced"},"name":"training_logloss","type":"double","format":"%.5f","description":"Training LogLoss"},{"__meta":{"schema_version":-1,"schema_name":"ColumnSpecsBase","schema_type":"Iced"},"name":"training_auc","type":"double","format":"%.5f","description":"Training AUC"},{"__meta":{"schema_version":-1,"schema_name":"ColumnSpecsBase","schema_type":"Iced"},"name":"training_pr_auc","type":"double","format":"%.5f","description":"Training pr_auc"},{"__meta":{"schema_version":-1,"schema_name":"ColumnSpecsBase","schema_type":"Iced"},"name":"training_lift","type":"double","format":"%.5f","description":"Training Lift"},{"__meta":{"schema_version":-1,"schema_name":"ColumnSpecsBase","schema_type":"Iced"},"name":"training_classification_error","type":"double","format":"%.5f","description":"Training Classification Error"},{"__meta":{"schema_version":-1,"schema_name":"ColumnSpecsBase","schema_type":"Iced"},"name":"validation_rmse","type":"double","format":"%.5f","description":"Validation RMSE"},{"__meta":{"schema_version":-1,"schema_name":"ColumnSpecsBase","schema_type":"Iced"},"name":"validation_logloss","type":"double","format":"%.5f","description":"Validation LogLoss"},{"__meta":{"schema_version":-1,"schema_name":"ColumnSpecsBase","schema_type":"Iced"},"name":"validation_auc","type":"double","format":"%.5f","description":"Validation AUC"},{"__meta":{"schema_version":-1,"schema_name":"ColumnSpecsBase","schema_type":"Iced"},"name":"validation_pr_auc","type":"double","format":"%.5f","description":"Validation pr_auc"},{"__meta":{"schema_version":-1,"schema_name":"ColumnSpecsBase","schema_type":"Iced"},"name":"validation_lift","type":"double","format":"%.5f","description":"Validation Lift"},{"__meta":{"schema_version":-1,"schema_name":"ColumnSpecsBase","schema_type":"Iced"},"name":"validation_classification_error","type":"double","format":"%.5f","description":"Validation Classification Error"}],"rowcount":8,"data":[["","","","","","","",""],["2025-08-20 00:01:46","2025-08-20 00:01:47","2025-08-20 00:01:47","2025-08-20 00:01:47","2025-08-20 00:01:47","2025-08-20 00:01:47","2025-08-20 00:01:47","2025-08-20 00:01:47"],[" 0.016 sec"," 0.204 sec"," 0.279 sec"," 0.355 sec"," 0.431 sec"," 0.488 sec"," 0.578 sec"," 0.632 sec"],[0,5,10,15,20,25,30,35],[0.5,0.12035967772391075,0.09309985739291095,0.09308387101682551,0.09320351129647125,0.09319329654863898,0.093104461049315,0.09312011405963044],[0.6931471805599464,0.12785644766809284,0.097369311948572,0.09736456426583938,0.09744368948548701,0.09741765574508907,0.09737149249929251,0.09739059196705628],[0.5,1.0,1.0,1.0,1.0,1.0,1.0,1.0],[0.5,1.0,1.0,1.0,1.0,1.0,1.0,1.0],[1.0,2.0,2.0,2.0,2.0,2.0,2.0,2.0],[0.5,0.0,0.0,0.0,0.0,0.0,0.0,0.0],[0.5,0.123824162060284,0.0960554013543331,0.09595957847245015,0.09591275646572725,0.09625508021934613,0.0960687685498422,0.09590901486083368],[0.6931471805599446,0.13071694149220792,0.0996375526340502,0.09959808684159567,0.09960562090482132,0.09973256782407866,0.09964356268579587,0.09958666104618394],[0.5,1.0,1.0,1.0,1.0,1.0,1.0,1.0],[0.5,1.0,1.0,1.0,1.0,1.0,1.0,1.0],[1.0,2.0,2.0,2.0,2.0,2.0,2.0,2.0],[0.5,0.0,0.0,0.0,0.0,0.0,0.0,0.0]]},{"__meta":{"schema_version":3,"schema_name":"TwoDimTableV3","schema_type":"TwoDimTable"},"name":"Scoring History","description":"","columns":[{"__meta":{"schema_version":-1,"schema_name":"ColumnSpecsBase","schema_type":"Iced"},"name":"","type":"string","format":"%s","description":""},{"__meta":{"schema_version":-1,"schema_name":"ColumnSpecsBase","schema_type":"Iced"},"name":"timestamp","type":"string","format":"%s","description":"Timestamp"},{"__meta":{"schema_version":-1,"schema_name":"ColumnSpecsBase","schema_type":"Iced"},"name":"duration","type":"string","format":"%s","description":"Duration"},{"__meta":{"schema_version":-1,"schema_name":"ColumnSpecsBase","schema_type":"Iced"},"name":"number_of_trees","type":"long","format":"%d","description":"Number of Trees"},{"__meta":{"schema_version":-1,"schema_name":"ColumnSpecsBase","schema_type":"Iced"},"name":"training_rmse","type":"double","format":"%.5f","description":"Training RMSE"},{"__meta":{"schema_version":-1,"schema_name":"ColumnSpecsBase","schema_type":"Iced"},"name":"training_logloss","type":"double","format":"%.5f","description":"Training LogLoss"},{"__meta":{"schema_version":-1,"schema_name":"ColumnSpecsBase","schema_type":"Iced"},"name":"training_auc","type":"double","format":"%.5f","description":"Training AUC"},{"__meta":{"schema_version":-1,"schema_name":"ColumnSpecsBase","schema_type":"Iced"},"name":"training_pr_auc","type":"double","format":"%.5f","description":"Training pr_auc"},{"__meta":{"schema_version":-1,"schema_name":"ColumnSpecsBase","schema_type":"Iced"},"name":"training_lift","type":"double","format":"%.5f","description":"Training Lift"},{"__meta":{"schema_version":-1,"schema_name":"ColumnSpecsBase","schema_type":"Iced"},"name":"training_classification_error","type":"double","format":"%.5f","description":"Training Classification Error"},{"__meta":{"schema_version":-1,"schema_name":"ColumnSpecsBase","schema_type":"Iced"},"name":"validation_rmse","type":"double","format":"%.5f","description":"Validation RMSE"},{"__meta":{"schema_version":-1,"schema_name":"ColumnSpecsBase","schema_type":"Iced"},"name":"validation_logloss","type":"double","format":"%.5f","description":"Validation LogLoss"},{"__meta":{"schema_version":-1,"schema_name":"ColumnSpecsBase","schema_type":"Iced"},"name":"validation_auc","type":"double","format":"%.5f","description":"Validation AUC"},{"__meta":{"schema_version":-1,"schema_name":"ColumnSpecsBase","schema_type":"Iced"},"name":"validation_pr_auc","type":"double","format":"%.5f","description":"Validation pr_auc"},{"__meta":{"schema_version":-1,"schema_name":"ColumnSpecsBase","schema_type":"Iced"},"name":"validation_lift","type":"double","format":"%.5f","description":"Validation Lift"},{"__meta":{"schema_version":-1,"schema_name":"ColumnSpecsBase","schema_type":"Iced"},"name":"validation_classification_error","type":"double","format":"%.5f","description":"Validation Classification Error"}],"rowcount":8,"data":[["","","","","","","",""],["2025-08-20 00:01:46","2025-08-20 00:01:47","2025-08-20 00:01:47","2025-08-20 00:01:47","2025-08-20 00:01:47","2025-08-20 00:01:47","2025-08-20 00:01:47","2025-08-20 00:01:47"],[" 0.013 sec"," 0.180 sec"," 0.263 sec"," 0.335 sec"," 0.393 sec"," 0.470 sec"," 0.548 sec"," 0.608 sec"],[0,5,10,15,20,25,30,35],[0.5,0.11948633491876727,0.0924326387764709,0.09242118615942192,0.09254751551012358,0.09250080947404361,0.0924297045966892,0.09247417117897484],[0.6931471805599464,0.12724928736843705,0.09698030107522868,0.09697365925775392,0.09704701903536816,0.09701988433411024,0.09697861512264304,0.09700442110529651],[0.5,1.0,1.0,1.0,1.0,1.0,1.0,1.0],[0.5,1.0,1.0,1.0,1.0,1.0,1.0,1.0],[1.0,2.0,2.0,2.0,2.0,2.0,2.0,2.0],[0.5,0.0,0.0,0.0,0.0,0.0,0.0,0.0],[0.5,0.1319991913544252,0.10383444727167866,0.10354728410020454,0.10315341238779706,0.1041821036939805,0.10380924380024661,0.10328737820141012],[0.6931471805599446,0.13579844625230025,0.10392688931653105,0.10381376653405086,0.10369074074859405,0.10407635022801617,0.10391653504808326,0.10372575032504841],[0.5,1.0,1.0,1.0,1.0,1.0,1.0,1.0],[0.5,1.0,1.0,1.0,1.0,1.0,1.0,1.0],[1.0,2.0,2.0,2.0,2.0,2.0,2.0,2.0],[0.5,0.0,0.0,0.0,0.0,0.0,0.0,0.0]]},{"__meta":{"schema_version":3,"schema_name":"TwoDimTableV3","schema_type":"TwoDimTable"},"name":"Scoring History","description":"","columns":[{"__meta":{"schema_version":-1,"schema_name":"ColumnSpecsBase","schema_type":"Iced"},"name":"","type":"string","format":"%s","description":""},{"__meta":{"schema_version":-1,"schema_name":"ColumnSpecsBase","schema_type":"Iced"},"name":"timestamp","type":"string","format":"%s","description":"Timestamp"},{"__meta":{"schema_version":-1,"schema_name":"ColumnSpecsBase","schema_type":"Iced"},"name":"duration","type":"string","format":"%s","description":"Duration"},{"__meta":{"schema_version":-1,"schema_name":"ColumnSpecsBase","schema_type":"Iced"},"name":"number_of_trees","type":"long","format":"%d","description":"Number of Trees"},{"__meta":{"schema_version":-1,"schema_name":"ColumnSpecsBase","schema_type":"Iced"},"name":"training_rmse","type":"double","format":"%.5f","description":"Training RMSE"},{"__meta":{"schema_version":-1,"schema_name":"ColumnSpecsBase","schema_type":"Iced"},"name":"training_logloss","type":"double","format":"%.5f","description":"Training LogLoss"},{"__meta":{"schema_version":-1,"schema_name":"ColumnSpecsBase","schema_type":"Iced"},"name":"training_auc","type":"double","format":"%.5f","description":"Training AUC"},{"__meta":{"schema_version":-1,"schema_name":"ColumnSpecsBase","schema_type":"Iced"},"name":"training_pr_auc","type":"double","format":"%.5f","description":"Training pr_auc"},{"__meta":{"schema_version":-1,"schema_name":"ColumnSpecsBase","schema_type":"Iced"},"name":"training_lift","type":"double","format":"%.5f","description":"Training Lift"},{"__meta":{"schema_version":-1,"schema_name":"ColumnSpecsBase","schema_type":"Iced"},"name":"training_classification_error","type":"double","format":"%.5f","description":"Training Classification Error"},{"__meta":{"schema_version":-1,"schema_name":"ColumnSpecsBase","schema_type":"Iced"},"name":"validation_rmse","type":"double","format":"%.5f","description":"Validation RMSE"},{"__meta":{"schema_version":-1,"schema_name":"ColumnSpecsBase","schema_type":"Iced"},"name":"validation_logloss","type":"double","format":"%.5f","description":"Validation LogLoss"},{"__meta":{"schema_version":-1,"schema_name":"ColumnSpecsBase","schema_type":"Iced"},"name":"validation_auc","type":"double","format":"%.5f","description":"Validation AUC"},{"__meta":{"schema_version":-1,"schema_name":"ColumnSpecsBase","schema_type":"Iced"},"name":"validation_pr_auc","type":"double","format":"%.5f","description":"Validation pr_auc"},{"__meta":{"schema_version":-1,"schema_name":"ColumnSpecsBase","schema_type":"Iced"},"name":"validation_lift","type":"double","format":"%.5f","description":"Validation Lift"},{"__meta":{"schema_version":-1,"schema_name":"ColumnSpecsBase","schema_type":"Iced"},"name":"validation_classification_error","type":"double","format":"%.5f","description":"Validation Classification Error"}],"rowcount":8,"data":[["","","","","","","",""],["2025-08-20 00:01:47","2025-08-20 00:01:47","2025-08-20 00:01:47","2025-08-20 00:01:47","2025-08-20 00:01:48","2025-08-20 00:01:48","2025-08-20 00:01:48","2025-08-20 00:01:48"],[" 0.700 sec"," 0.874 sec"," 0.931 sec"," 0.985 sec"," 1.048 sec"," 1.101 sec"," 1.159 sec"," 1.216 sec"],[0,5,10,15,20,25,30,35],[0.5,0.12035967772391075,0.09321840534309905,0.09318369345005892,0.0933085372940313,0.0932813228069124,0.09319433323676331,0.0932238542796806],[0.6931471805599464,0.12785644766809284,0.09748860239018288,0.09747433980646249,0.09755702560205382,0.09752144431252092,0.09747703468410095,0.09750322733403584],[0.5,1.0,1.0,1.0,1.0,1.0,1.0,1.0],[0.5,1.0,1.0,1.0,1.0,1.0,1.0,1.0],[1.0,2.0,2.0,2.0,2.0,2.0,2.0,2.0],[0.5,0.0,0.0,0.0,0.0,0.0,0.0,0.0],[0.5,0.11918247211353863,0.09220086220982139,0.09220252591378383,0.09238824155690352,0.09224081018227191,0.09219180553761083,0.09227631147096839],[0.6931471805599446,0.12690294972672114,0.09672734031685112,0.09672828594872973,0.09683613066873818,0.09675049581550343,0.09672206877876219,0.09677110928729718],[0.5,1.0,1.0,1.0,1.0,1.0,1.0,1.0],[0.5,1.0,1.0,1.0,1.0,1.0,1.0,1.0],[1.0,2.0,2.0,2.0,2.0,2.0,2.0,2.0],[0.5,0.0,0.0,0.0,0.0,0.0,0.0,0.0]]},{"__meta":{"schema_version":3,"schema_name":"TwoDimTableV3","schema_type":"TwoDimTable"},"name":"Scoring History","description":"","columns":[{"__meta":{"schema_version":-1,"schema_name":"ColumnSpecsBase","schema_type":"Iced"},"name":"","type":"string","format":"%s","description":""},{"__meta":{"schema_version":-1,"schema_name":"ColumnSpecsBase","schema_type":"Iced"},"name":"timestamp","type":"string","format":"%s","description":"Timestamp"},{"__meta":{"schema_version":-1,"schema_name":"ColumnSpecsBase","schema_type":"Iced"},"name":"duration","type":"string","format":"%s","description":"Duration"},{"__meta":{"schema_version":-1,"schema_name":"ColumnSpecsBase","schema_type":"Iced"},"name":"number_of_trees","type":"long","format":"%d","description":"Number of Trees"},{"__meta":{"schema_version":-1,"schema_name":"ColumnSpecsBase","schema_type":"Iced"},"name":"training_rmse","type":"double","format":"%.5f","description":"Training RMSE"},{"__meta":{"schema_version":-1,"schema_name":"ColumnSpecsBase","schema_type":"Iced"},"name":"training_logloss","type":"double","format":"%.5f","description":"Training LogLoss"},{"__meta":{"schema_version":-1,"schema_name":"ColumnSpecsBase","schema_type":"Iced"},"name":"training_auc","type":"double","format":"%.5f","description":"Training AUC"},{"__meta":{"schema_version":-1,"schema_name":"ColumnSpecsBase","schema_type":"Iced"},"name":"training_pr_auc","type":"double","format":"%.5f","description":"Training pr_auc"},{"__meta":{"schema_version":-1,"schema_name":"ColumnSpecsBase","schema_type":"Iced"},"name":"training_lift","type":"double","format":"%.5f","description":"Training Lift"},{"__meta":{"schema_version":-1,"schema_name":"ColumnSpecsBase","schema_type":"Iced"},"name":"training_classification_error","type":"double","format":"%.5f","description":"Training Classification Error"},{"__meta":{"schema_version":-1,"schema_name":"ColumnSpecsBase","schema_type":"Iced"},"name":"validation_rmse","type":"double","format":"%.5f","description":"Validation RMSE"},{"__meta":{"schema_version":-1,"schema_name":"ColumnSpecsBase","schema_type":"Iced"},"name":"validation_logloss","type":"double","format":"%.5f","description":"Validation LogLoss"},{"__meta":{"schema_version":-1,"schema_name":"ColumnSpecsBase","schema_type":"Iced"},"name":"validation_auc","type":"double","format":"%.5f","description":"Validation AUC"},{"__meta":{"schema_version":-1,"schema_name":"ColumnSpecsBase","schema_type":"Iced"},"name":"validation_pr_auc","type":"double","format":"%.5f","description":"Validation pr_auc"},{"__meta":{"schema_version":-1,"schema_name":"ColumnSpecsBase","schema_type":"Iced"},"name":"validation_lift","type":"double","format":"%.5f","description":"Validation Lift"},{"__meta":{"schema_version":-1,"schema_name":"ColumnSpecsBase","schema_type":"Iced"},"name":"validation_classification_error","type":"double","format":"%.5f","description":"Validation Classification Error"}],"rowcount":8,"data":[["","","","","","","",""],["2025-08-20 00:01:47","2025-08-20 00:01:47","2025-08-20 00:01:47","2025-08-20 00:01:47","2025-08-20 00:01:48","2025-08-20 00:01:48","2025-08-20 00:01:48","2025-08-20 00:01:48"],[" 0.702 sec"," 0.861 sec"," 0.927 sec"," 0.990 sec"," 1.073 sec"," 1.142 sec"," 1.203 sec"," 1.253 sec"],[0,5,10,15,20,25,30,35],[0.5,0.12035967772391075,0.09321840534309905,0.09318369345005892,0.0933085372940313,0.0932813228069124,0.09319433323676331,0.0932238542796806],[0.6931471805599464,0.12785644766809284,0.09748860239018288,0.09747433980646249,0.09755702560205382,0.09752144431252092,0.09747703468410095,0.09750322733403584],[0.5,1.0,1.0,1.0,1.0,1.0,1.0,1.0],[0.5,1.0,1.0,1.0,1.0,1.0,1.0,1.0],[1.0,2.0,2.0,2.0,2.0,2.0,2.0,2.0],[0.5,0.0,0.0,0.0,0.0,0.0,0.0,0.0],[0.5,0.11918247211353863,0.09220086220982139,0.09220252591378383,0.09238824155690352,0.09224081018227191,0.09219180553761083,0.09227631147096839],[0.6931471805599446,0.12690294972672114,0.09672734031685112,0.09672828594872973,0.09683613066873818,0.09675049581550343,0.09672206877876219,0.09677110928729718],[0.5,1.0,1.0,1.0,1.0,1.0,1.0,1.0],[0.5,1.0,1.0,1.0,1.0,1.0,1.0,1.0],[1.0,2.0,2.0,2.0,2.0,2.0,2.0,2.0],[0.5,0.0,0.0,0.0,0.0,0.0,0.0,0.0]]},{"__meta":{"schema_version":3,"schema_name":"TwoDimTableV3","schema_type":"TwoDimTable"},"name":"Scoring History","description":"","columns":[{"__meta":{"schema_version":-1,"schema_name":"ColumnSpecsBase","schema_type":"Iced"},"name":"","type":"string","format":"%s","description":""},{"__meta":{"schema_version":-1,"schema_name":"ColumnSpecsBase","schema_type":"Iced"},"name":"timestamp","type":"string","format":"%s","description":"Timestamp"},{"__meta":{"schema_version":-1,"schema_name":"ColumnSpecsBase","schema_type":"Iced"},"name":"duration","type":"string","format":"%s","description":"Duration"},{"__meta":{"schema_version":-1,"schema_name":"ColumnSpecsBase","schema_type":"Iced"},"name":"number_of_trees","type":"long","format":"%d","description":"Number of Trees"},{"__meta":{"schema_version":-1,"schema_name":"ColumnSpecsBase","schema_type":"Iced"},"name":"training_rmse","type":"double","format":"%.5f","description":"Training RMSE"},{"__meta":{"schema_version":-1,"schema_name":"ColumnSpecsBase","schema_type":"Iced"},"name":"training_logloss","type":"double","format":"%.5f","description":"Training LogLoss"},{"__meta":{"schema_version":-1,"schema_name":"ColumnSpecsBase","schema_type":"Iced"},"name":"training_auc","type":"double","format":"%.5f","description":"Training AUC"},{"__meta":{"schema_version":-1,"schema_name":"ColumnSpecsBase","schema_type":"Iced"},"name":"training_pr_auc","type":"double","format":"%.5f","description":"Training pr_auc"},{"__meta":{"schema_version":-1,"schema_name":"ColumnSpecsBase","schema_type":"Iced"},"name":"training_lift","type":"double","format":"%.5f","description":"Training Lift"},{"__meta":{"schema_version":-1,"schema_name":"ColumnSpecsBase","schema_type":"Iced"},"name":"training_classification_error","type":"double","format":"%.5f","description":"Training Classification Error"},{"__meta":{"schema_version":-1,"schema_name":"ColumnSpecsBase","schema_type":"Iced"},"name":"validation_rmse","type":"double","format":"%.5f","description":"Validation RMSE"},{"__meta":{"schema_version":-1,"schema_name":"ColumnSpecsBase","schema_type":"Iced"},"name":"validation_logloss","type":"double","format":"%.5f","description":"Validation LogLoss"},{"__meta":{"schema_version":-1,"schema_name":"ColumnSpecsBase","schema_type":"Iced"},"name":"validation_auc","type":"double","format":"%.5f","description":"Validation AUC"},{"__meta":{"schema_version":-1,"schema_name":"ColumnSpecsBase","schema_type":"Iced"},"name":"validation_pr_auc","type":"double","format":"%.5f","description":"Validation pr_auc"},{"__meta":{"schema_version":-1,"schema_name":"ColumnSpecsBase","schema_type":"Iced"},"name":"validation_lift","type":"double","format":"%.5f","description":"Validation Lift"},{"__meta":{"schema_version":-1,"schema_name":"ColumnSpecsBase","schema_type":"Iced"},"name":"validation_classification_error","type":"double","format":"%.5f","description":"Validation Classification Error"}],"rowcount":8,"data":[["","","","","","","",""],["2025-08-20 00:01:48","2025-08-20 00:01:48","2025-08-20 00:01:48","2025-08-20 00:01:48","2025-08-20 00:01:48","2025-08-20 00:01:48","2025-08-20 00:01:48","2025-08-20 00:01:48"],[" 1.304 sec"," 1.406 sec"," 1.443 sec"," 1.485 sec"," 1.536 sec"," 1.642 sec"," 1.681 sec"," 1.719 sec"],[0,5,10,15,20,25,30,35],[0.5,0.12035967772391075,0.09321840534309905,0.09318369345005892,0.0933085372940313,0.0932813228069124,0.09319433323676331,0.0932238542796806],[0.6931471805599464,0.12785644766809284,0.09748860239018288,0.09747433980646249,0.09755702560205382,0.09752144431252092,0.09747703468410095,0.09750322733403584],[0.5,1.0,1.0,1.0,1.0,1.0,1.0,1.0],[0.5,1.0,1.0,1.0,1.0,1.0,1.0,1.0],[1.0,2.0,2.0,2.0,2.0,2.0,2.0,2.0],[0.5,0.0,0.0,0.0,0.0,0.0,0.0,0.0],[0.5,0.11918247211353863,0.09220086220982139,0.09220252591378383,0.09238824155690352,0.09224081018227191,0.09219180553761083,0.09227631147096839],[0.6931471805599446,0.12690294972672114,0.09672734031685112,0.09672828594872973,0.09683613066873818,0.09675049581550343,0.09672206877876219,0.09677110928729718],[0.5,1.0,1.0,1.0,1.0,1.0,1.0,1.0],[0.5,1.0,1.0,1.0,1.0,1.0,1.0,1.0],[1.0,2.0,2.0,2.0,2.0,2.0,2.0,2.0],[0.5,0.0,0.0,0.0,0.0,0.0,0.0,0.0]]}],"reproducibility_information_table":[{"__meta":{"schema_version":3,"schema_name":"TwoDimTableV3","schema_type":"TwoDimTable"},"name":"Node Information","description":"","columns":[{"__meta":{"schema_version":-1,"schema_name":"ColumnSpecsBase","schema_type":"Iced"},"name":"","type":"string","format":"%s","description":""},{"__meta":{"schema_version":-1,"schema_name":"ColumnSpecsBase","schema_type":"Iced"},"name":"node","type":"int","format":"%d","description":"node"},{"__meta":{"schema_version":-1,"schema_name":"ColumnSpecsBase","schema_type":"Iced"},"name":"h2o","type":"string","format":"%s","description":"h2o"},{"__meta":{"schema_version":-1,"schema_name":"ColumnSpecsBase","schema_type":"Iced"},"name":"healthy","type":"string","format":"%s","description":"healthy"},{"__meta":{"schema_version":-1,"schema_name":"ColumnSpecsBase","schema_type":"Iced"},"name":"last_ping","type":"string","format":"%s","description":"last_ping"},{"__meta":{"schema_version":-1,"schema_name":"ColumnSpecsBase","schema_type":"Iced"},"name":"num_cpus","type":"int","format":"%d","description":"num_cpus"},{"__meta":{"schema_version":-1,"schema_name":"ColumnSpecsBase","schema_type":"Iced"},"name":"sys_load","type":"double","format":"%.5f","description":"sys_load"},{"__meta":{"schema_version":-1,"schema_name":"ColumnSpecsBase","schema_type":"Iced"},"name":"mem_value_size","type":"long","format":"%d","description":"mem_value_size"},{"__meta":{"schema_version":-1,"schema_name":"ColumnSpecsBase","schema_type":"Iced"},"name":"free_mem","type":"long","format":"%d","description":"free_mem"},{"__meta":{"schema_version":-1,"schema_name":"ColumnSpecsBase","schema_type":"Iced"},"name":"pojo_mem","type":"long","format":"%d","description":"pojo_mem"},{"__meta":{"schema_version":-1,"schema_name":"ColumnSpecsBase","schema_type":"Iced"},"name":"swap_mem","type":"long","format":"%d","description":"swap_mem"},{"__meta":{"schema_version":-1,"schema_name":"ColumnSpecsBase","schema_type":"Iced"},"name":"free_disc","type":"long","format":"%d","description":"free_disc"},{"__meta":{"schema_version":-1,"schema_name":"ColumnSpecsBase","schema_type":"Iced"},"name":"max_disc","type":"long","format":"%d","description":"max_disc"},{"__meta":{"schema_version":-1,"schema_name":"ColumnSpecsBase","schema_type":"Iced"},"name":"pid","type":"int","format":"%d","description":"pid"},{"__meta":{"schema_version":-1,"schema_name":"ColumnSpecsBase","schema_type":"Iced"},"name":"num_keys","type":"int","format":"%d","description":"num_keys"},{"__meta":{"schema_version":-1,"schema_name":"ColumnSpecsBase","schema_type":"Iced"},"name":"tcps_active","type":"string","format":"%s","description":"tcps_active"},{"__meta":{"schema_version":-1,"schema_name":"ColumnSpecsBase","schema_type":"Iced"},"name":"open_fds","type":"int","format":"%d","description":"open_fds"},{"__meta":{"schema_version":-1,"schema_name":"ColumnSpecsBase","schema_type":"Iced"},"name":"rpcs_active","type":"string","format":"%s","description":"rpcs_active"},{"__meta":{"schema_version":-1,"schema_name":"ColumnSpecsBase","schema_type":"Iced"},"name":"nthreads","type":"int","format":"%d","description":"nthreads"},{"__meta":{"schema_version":-1,"schema_name":"ColumnSpecsBase","schema_type":"Iced"},"name":"is_leader","type":"string","format":"%s","description":"is_leader"},{"__meta":{"schema_version":-1,"schema_name":"ColumnSpecsBase","schema_type":"Iced"},"name":"total_mem","type":"long","format":"%d","description":"total_mem"},{"__meta":{"schema_version":-1,"schema_name":"ColumnSpecsBase","schema_type":"Iced"},"name":"max_mem","type":"long","format":"%d","description":"max_mem"},{"__meta":{"schema_version":-1,"schema_name":"ColumnSpecsBase","schema_type":"Iced"},"name":"java_version","type":"string","format":"%s","description":"java_version"},{"__meta":{"schema_version":-1,"schema_name":"ColumnSpecsBase","schema_type":"Iced"},"name":"jvm_launch_parameters","type":"string","format":"%s","description":"jvm_launch_parameters"},{"__meta":{"schema_version":-1,"schema_name":"ColumnSpecsBase","schema_type":"Iced"},"name":"os_version","type":"string","format":"%s","description":"os_version"},{"__meta":{"schema_version":-1,"schema_name":"ColumnSpecsBase","schema_type":"Iced"},"name":"machine_physical_mem","type":"long","format":"%d","description":"machine_physical_mem"},{"__meta":{"schema_version":-1,"schema_name":"ColumnSpecsBase","schema_type":"Iced"},"name":"machine_locale","type":"string","format":"%s","description":"machine_locale"}],"rowcount":1,"data":[[""],[0],["127.0.0.1:54321"],["true"],["1755648108040"],[2],[0.92626953],[296922],[464442184],[36480222],[0],[21167603712],[30083645440],[3470],[2279],["\u0000"],[22],["\u0000"],[2],["true"],[115343360],[501219328],["Java 21.0.8 (from Ubuntu)"],["[-ea]"],["Linux 6.14.0-1011-aws (amd64)"],[2003546112],["en"]]},{"__meta":{"schema_version":3,"schema_name":"TwoDimTableV3","schema_type":"TwoDimTable"},"name":"Cluster Configuration","description":"","columns":[{"__meta":{"schema_version":-1,"schema_name":"ColumnSpecsBase","schema_type":"Iced"},"name":"","type":"string","format":"%s","description":""},{"__meta":{"schema_version":-1,"schema_name":"ColumnSpecsBase","schema_type":"Iced"},"name":"h2o_cluster_uptime","type":"long","format":"%d","description":"H2O cluster uptime"},{"__meta":{"schema_version":-1,"schema_name":"ColumnSpecsBase","schema_type":"Iced"},"name":"h2o_cluster_timezone","type":"string","format":"%s","description":"H2O cluster timezone"},{"__meta":{"schema_version":-1,"schema_name":"ColumnSpecsBase","schema_type":"Iced"},"name":"h2o_data_parsing_timezone","type":"string","format":"%s","description":"H2O data parsing timezone"},{"__meta":{"schema_version":-1,"schema_name":"ColumnSpecsBase","schema_type":"Iced"},"name":"h2o_cluster_version","type":"string","format":"%s","description":"H2O cluster version"},{"__meta":{"schema_version":-1,"schema_name":"ColumnSpecsBase","schema_type":"Iced"},"name":"h2o_cluster_version_age","type":"string","format":"%s","description":"H2O cluster version age"},{"__meta":{"schema_version":-1,"schema_name":"ColumnSpecsBase","schema_type":"Iced"},"name":"h2o_cluster_name","type":"string","format":"%s","description":"H2O cluster name"},{"__meta":{"schema_version":-1,"schema_name":"ColumnSpecsBase","schema_type":"Iced"},"name":"h2o_cluster_total_nodes","type":"int","format":"%d","description":"H2O cluster total nodes"},{"__meta":{"schema_version":-1,"schema_name":"ColumnSpecsBase","schema_type":"Iced"},"name":"h2o_cluster_free_memory","type":"long","format":"%d","description":"H2O cluster free memory"},{"__meta":{"schema_version":-1,"schema_name":"ColumnSpecsBase","schema_type":"Iced"},"name":"h2o_cluster_total_cores","type":"int","format":"%d","description":"H2O cluster total cores"},{"__meta":{"schema_version":-1,"schema_name":"ColumnSpecsBase","schema_type":"Iced"},"name":"h2o_cluster_allowed_cores","type":"int","format":"%d","description":"H2O cluster allowed cores"},{"__meta":{"schema_version":-1,"schema_name":"ColumnSpecsBase","schema_type":"Iced"},"name":"h2o_cluster_status","type":"string","format":"%s","description":"H2O cluster status"},{"__meta":{"schema_version":-1,"schema_name":"ColumnSpecsBase","schema_type":"Iced"},"name":"h2o_internal_security","type":"string","format":"%s","description":"H2O internal security"},{"__meta":{"schema_version":-1,"schema_name":"ColumnSpecsBase","schema_type":"Iced"},"name":"h2o_api_extensions","type":"string","format":"%s","description":"H2O API Extensions"}],"rowcount":1,"data":[[""],[11841],["Etc/UTC"],["UTC"],["3.46.0.7"],["4 months and 23 days"],["H2O_from_python_ubuntu_psxkzt"],[1],[464442184],[2],[2],["locked, healthly"],["false"],["Mojo 2 pipeline extensions, XGBoost, Amazon S3, Algos, Infogram, AutoML, Core V3, TargetEncoder, Core V4"]]},{"__meta":{"schema_version":3,"schema_name":"TwoDimTableV3","schema_type":"TwoDimTable"},"name":"Input Frames Information","description":"","columns":[{"__meta":{"schema_version":-1,"schema_name":"ColumnSpecsBase","schema_type":"Iced"},"name":"","type":"string","format":"%s","description":""},{"__meta":{"schema_version":-1,"schema_name":"ColumnSpecsBase","schema_type":"Iced"},"name":"input_frame","type":"string","format":"%s","description":"Input Frame"},{"__meta":{"schema_version":-1,"schema_name":"ColumnSpecsBase","schema_type":"Iced"},"name":"checksum","type":"long","format":"%d","description":"Checksum"},{"__meta":{"schema_version":-1,"schema_name":"ColumnSpecsBase","schema_type":"Iced"},"name":"espc","type":"string","format":"%d","description":"ESPC"}],"rowcount":3,"data":[["","",""],["training_frame","validation_frame","calibration_frame"],[-6506937866928113836,-1,-1],["[0, 200]","-1","-1"]]}],"training_metrics":{"__meta":{"schema_version":3,"schema_name":"ModelMetricsBinomialV3","schema_type":"ModelMetricsBinomial"},"model":{"__meta":{"schema_version":3,"schema_name":"ModelKeyV3","schema_type":"Key<Model>"},"name":"XGBoost_2_AutoML_1_20250820_00141","type":"Key<Model>","URL":"/3/Models/XGBoost_2_AutoML_1_20250820_00141"},"model_checksum":7162400060240927560,"frame":{"__meta":{"schema_version":3,"schema_name":"FrameKeyV3","schema_type":"Key<Frame>"},"name":"AutoML_1_20250820_00141_training_py_1_sid_817f","type":"Key<Frame>","URL":"/3/Frames/AutoML_1_20250820_00141_training_py_1_sid_817f"},"frame_checksum":-3579348438443781616,"description":null,"model_category":"Binomial","scoring_time":1755648109250,"predictions":null,"MSE":0.004868713888519949,"RMSE":0.06977616991867602,"nobs":200,"custom_metric_name":null,"custom_metric_value":0.0,"r2":0.9805251444459202,"logloss":0.072315623331657,"loglikelihood":"NaN","AIC":"NaN","AUC":1.0,"pr_auc":1.0,"Gini":1.0,"mean_per_class_error":0.0,"domain":["dga","legit"],"cm":{"__meta":{"schema_version":3,"schema_name":"ConfusionMatrixV3","schema_type":"ConfusionMatrix"},"table":{"__meta":{"schema_version":3,"schema_name":"TwoDimTableV3","schema_type":"TwoDimTable"},"name":"Confusion Matrix","description":"Row labels: Actual class; Column labels: Predicted class","columns":[{"__meta":{"schema_version":-1,"schema_name":"ColumnSpecsBase","schema_type":"Iced"},"name":"dga","type":"long","format":"%d","description":"dga"},{"__meta":{"schema_version":-1,"schema_name":"ColumnSpecsBase","schema_type":"Iced"},"name":"legit","type":"long","format":"%d","description":"legit"},{"__meta":{"schema_version":-1,"schema_name":"ColumnSpecsBase","schema_type":"Iced"},"name":"Error","type":"double","format":"%.4f","description":"Error"},{"__meta":{"schema_version":-1,"schema_name":"ColumnSpecsBase","schema_type":"Iced"},"name":"Rate","type":"string","format":"= %7s","description":"Rate"}],"rowcount":3,"data":[[100,0,100],[0,100,100],[0.0,0.0,0.0],["0 / 100","0 / 100","0 / 200"]]}},"thresholds_and_metric_scores":{"__meta":{"schema_version":3,"schema_name":"TwoDimTableV3","schema_type":"TwoDimTable"},"name":"Metrics for Thresholds","description":"Binomial metrics as a function of classification thresholds","columns":[{"__meta":{"schema_version":-1,"schema_name":"ColumnSpecsBase","schema_type":"Iced"},"name":"threshold","type":"double","format":"%f","description":"Threshold"},{"__meta":{"schema_version":-1,"schema_name":"ColumnSpecsBase","schema_type":"Iced"},"name":"f1","type":"double","format":"%f","description":"f1"},{"__meta":{"schema_version":-1,"schema_name":"ColumnSpecsBase","schema_type":"Iced"},"name":"f2","type":"double","format":"%f","description":"f2"},{"__meta":{"schema_version":-1,"schema_name":"ColumnSpecsBase","schema_type":"Iced"},"name":"f0point5","type":"double","format":"%f","description":"f0point5"},{"__meta":{"schema_version":-1,"schema_name":"ColumnSpecsBase","schema_type":"Iced"},"name":"accuracy","type":"double","format":"%f","description":"accuracy"},{"__meta":{"schema_version":-1,"schema_name":"ColumnSpecsBase","schema_type":"Iced"},"name":"precision","type":"double","format":"%f","description":"precision"},{"__meta":{"schema_version":-1,"schema_name":"ColumnSpecsBase","schema_type":"Iced"},"name":"recall","type":"double","format":"%f","description":"recall"},{"__meta":{"schema_version":-1,"schema_name":"ColumnSpecsBase","schema_type":"Iced"},"name":"specificity","type":"double","format":"%f","description":"specificity"},{"__meta":{"schema_version":-1,"schema_name":"ColumnSpecsBase","schema_type":"Iced"},"name":"absolute_mcc","type":"double","format":"%f","description":"absolute_mcc"},{"__meta":{"schema_version":-1,"schema_name":"ColumnSpecsBase","schema_type":"Iced"},"name":"min_per_class_accuracy","type":"double","format":"%f","description":"min_per_class_accuracy"},{"__meta":{"schema_version":-1,"schema_name":"ColumnSpecsBase","schema_type":"Iced"},"name":"mean_per_class_accuracy","type":"double","format":"%f","description":"mean_per_class_accuracy"},{"__meta":{"schema_version":-1,"schema_name":"ColumnSpecsBase","schema_type":"Iced"},"name":"tns","type":"long","format":"%d","description":"tns"},{"__meta":{"schema_version":-1,"schema_name":"ColumnSpecsBase","schema_type":"Iced"},"name":"fns","type":"long","format":"%d","description":"fns"},{"__meta":{"schema_version":-1,"schema_name":"ColumnSpecsBase","schema_type":"Iced"},"name":"fps","type":"long","format":"%d","description":"fps"},{"__meta":{"schema_version":-1,"schema_name":"ColumnSpecsBase","schema_type":"Iced"},"name":"tps","type":"long","format":"%d","description":"tps"},{"__meta":{"schema_version":-1,"schema_name":"ColumnSpecsBase","schema_type":"Iced"},"name":"tnr","type":"double","format":"%f","description":"tnr"},{"__meta":{"schema_version":-1,"schema_name":"ColumnSpecsBase","schema_type":"Iced"},"name":"fnr","type":"double","format":"%f","description":"fnr"},{"__meta":{"schema_version":-1,"schema_name":"ColumnSpecsBase","schema_type":"Iced"},"name":"fpr","type":"double","format":"%f","description":"fpr"},{"__meta":{"schema_version":-1,"schema_name":"ColumnSpecsBase","schema_type":"Iced"},"name":"tpr","type":"double","format":"%f","description":"tpr"},{"__meta":{"schema_version":-1,"schema_name":"ColumnSpecsBase","schema_type":"Iced"},"name":"idx","type":"int","format":"%d","description":"idx"}],"rowcount":2,"data":[[0.9288157820701599,0.06833911687135696],[1.0,0.6666666666666666],[1.0,0.8333333333333334],[1.0,0.5555555555555556],[1.0,0.5],[1.0,0.5],[1.0,1.0],[1.0,0.0],[1.0,0.0],[1.0,0.0],[1.0,0.5],[100,0],[0,0],[0,100],[100,100],[1.0,0.0],[0.0,0.0],[0.0,1.0],[1.0,1.0],[0,1]]},"max_criteria_and_metric_scores":{"__meta":{"schema_version":3,"schema_name":"TwoDimTableV3","schema_type":"TwoDimTable"},"name":"Maximum Metrics","description":"Maximum metrics at their respective thresholds","columns":[{"__meta":{"schema_version":-1,"schema_name":"ColumnSpecsBase","schema_type":"Iced"},"name":"metric","type":"string","format":"%s","description":"Metric"},{"__meta":{"schema_version":-1,"schema_name":"ColumnSpecsBase","schema_type":"Iced"},"name":"threshold","type":"double","format":"%f","description":"Threshold"},{"__meta":{"schema_version":-1,"schema_name":"ColumnSpecsBase","schema_type":"Iced"},"name":"value","type":"double","format":"%f","description":"Value"},{"__meta":{"schema_version":-1,"schema_name":"ColumnSpecsBase","schema_type":"Iced"},"name":"idx","type":"long","format":"%d","description":"idx"}],"rowcount":18,"data":[["max f1","max f2","max f0point5","max accuracy","max precision","max recall","max specificity","max absolute_mcc","max min_per_class_accuracy","max mean_per_class_accuracy","max tns","max fns","max fps","max tps","max tnr","max fnr","max fpr","max tpr"],[0.9288157820701599,0.9288157820701599,0.9288157820701599,0.9288157820701599,0.9288157820701599,0.9288157820701599,0.9288157820701599,0.9288157820701599,0.9288157820701599,0.9288157820701599,0.9288157820701599,0.9288157820701599,0.06833911687135696,0.9288157820701599,0.9288157820701599,0.9288157820701599,0.06833911687135696,0.9288157820701599],[1.0,1.0,1.0,1.0,1.0,1.0,1.0,1.0,1.0,1.0,100.0,0.0,100.0,100.0,1.0,0.0,1.0,1.0],[0,0,0,0,0,0,0,0,0,0,0,0,1,0,0,0,1,0]]},"gains_lift_table":{"__meta":{"schema_version":3,"schema_name":"TwoDimTableV3","schema_type":"TwoDimTable"},"name":"Gains/Lift Table","description":"Avg response rate: 50.00 %, avg score: 49.86 %","columns":[{"__meta":{"schema_version":-1,"schema_name":"ColumnSpecsBase","schema_type":"Iced"},"name":"group","type":"int","format":"%d","description":"Group"},{"__meta":{"schema_version":-1,"schema_name":"ColumnSpecsBase","schema_type":"Iced"},"name":"cumulative_data_fraction","type":"double","format":"%.8f","description":"Cumulative Data Fraction"},{"__meta":{"schema_version":-1,"schema_name":"ColumnSpecsBase","schema_type":"Iced"},"name":"lower_threshold","type":"double","format":"%5f","description":"Lower Threshold"},{"__meta":{"schema_version":-1,"schema_name":"ColumnSpecsBase","schema_type":"Iced"},"name":"lift","type":"double","format":"%5f","description":"Lift"},{"__meta":{"schema_version":-1,"schema_name":"ColumnSpecsBase","schema_type":"Iced"},"name":"cumulative_lift","type":"double","format":"%5f","description":"Cumulative Lift"},{"__meta":{"schema_version":-1,"schema_name":"ColumnSpecsBase","schema_type":"Iced"},"name":"response_rate","type":"double","format":"%5f","description":"Response Rate"},{"__meta":{"schema_version":-1,"schema_name":"ColumnSpecsBase","schema_type":"Iced"},"name":"score","type":"double","format":"%5f","description":"Score"},{"__meta":{"schema_version":-1,"schema_name":"ColumnSpecsBase","schema_type":"Iced"},"name":"cumulative_response_rate","type":"double","format":"%5f","description":"Cumulative Response Rate"},{"__meta":{"schema_version":-1,"schema_name":"ColumnSpecsBase","schema_type":"Iced"},"name":"cumulative_score","type":"double","format":"%5f","description":"Cumulative Score"},{"__meta":{"schema_version":-1,"schema_name":"ColumnSpecsBase","schema_type":"Iced"},"name":"capture_rate","type":"double","format":"%5f","description":"Capture Rate"},{"__meta":{"schema_version":-1,"schema_name":"ColumnSpecsBase","schema_type":"Iced"},"name":"cumulative_capture_rate","type":"double","format":"%5f","description":"Cumulative Capture Rate"},{"__meta":{"schema_version":-1,"schema_name":"ColumnSpecsBase","schema_type":"Iced"},"name":"gain","type":"double","format":"%5f","description":"Gain"},{"__meta":{"schema_version":-1,"schema_name":"ColumnSpecsBase","schema_type":"Iced"},"name":"cumulative_gain","type":"double","format":"%5f","description":"Cumulative Gain"},{"__meta":{"schema_version":-1,"schema_name":"ColumnSpecsBase","schema_type":"Iced"},"name":"kolmogorov_smirnov","type":"double","format":"%5f","description":"Kolmogorov Smirnov"}],"rowcount":3,"data":[[1,2,3],[0.5,0.5,1.0],[0.9288157820701599,0.4985774494707632,0.06833911687135696],[2.0,0.0,0.0],[2.0,2.0,1.0],[1.0,0.0,0.0],[0.9288157820701599,0.0,0.06833911687135696],[1.0,1.0,0.5],[0.9288157820701599,0.9288157820701599,0.49857744947075844],[1.0,0.0,0.0],[1.0,1.0,1.0],[100.0,-100.0,-100.0],[100.0,100.0,0.0],[1.0,1.0,0.0]]}},"validation_metrics":null,"cross_validation_metrics":{"__meta":{"schema_version":3,"schema_name":"ModelMetricsBinomialV3","schema_type":"ModelMetricsBinomial"},"model":{"__meta":{"schema_version":3,"schema_name":"ModelKeyV3","schema_type":"Key<Model>"},"name":"XGBoost_2_AutoML_1_20250820_00141","type":"Key<Model>","URL":"/3/Models/XGBoost_2_AutoML_1_20250820_00141"},"model_checksum":7162400060240927560,"frame":{"__meta":{"schema_version":3,"schema_name":"FrameKeyV3","schema_type":"Key<Frame>"},"name":"AutoML_1_20250820_00141_training_py_1_sid_817f","type":"Key<Frame>","URL":"/3/Frames/AutoML_1_20250820_00141_training_py_1_sid_817f"},"frame_checksum":-3579348438443781616,"description":"5-fold cross-validation on training data (Metrics computed for combined holdout predictions)","model_category":"Binomial","scoring_time":1755648109267,"predictions":null,"MSE":0.009082313830871058,"RMSE":0.0953011743415109,"nobs":200,"custom_metric_name":null,"custom_metric_value":0.0,"r2":0.9636707446765158,"logloss":0.09872514113889146,"loglikelihood":"NaN","AIC":"NaN","AUC":1.0,"pr_auc":1.0,"Gini":1.0,"mean_per_class_error":0.0,"domain":["dga","legit"],"cm":{"__meta":{"schema_version":3,"schema_name":"ConfusionMatrixV3","schema_type":"ConfusionMatrix"},"table":{"__meta":{"schema_version":3,"schema_name":"TwoDimTableV3","schema_type":"TwoDimTable"},"name":"Confusion Matrix","description":"Row labels: Actual class; Column labels: Predicted class","columns":[{"__meta":{"schema_version":-1,"schema_name":"ColumnSpecsBase","schema_type":"Iced"},"name":"dga","type":"long","format":"%d","description":"dga"},{"__meta":{"schema_version":-1,"schema_name":"ColumnSpecsBase","schema_type":"Iced"},"name":"legit","type":"long","format":"%d","description":"legit"},{"__meta":{"schema_version":-1,"schema_name":"ColumnSpecsBase","schema_type":"Iced"},"name":"Error","type":"double","format":"%.4f","description":"Error"},{"__meta":{"schema_version":-1,"schema_name":"ColumnSpecsBase","schema_type":"Iced"},"name":"Rate","type":"string","format":"= %7s","description":"Rate"}],"rowcount":3,"data":[[100,0,100],[0,100,100],[0.0,0.0,0.0],["0 / 100","0 / 100","0 / 200"]]}},"thresholds_and_metric_scores":{"__meta":{"schema_version":3,"schema_name":"TwoDimTableV3","schema_type":"TwoDimTable"},"name":"Metrics for Thresholds","description":"Binomial metrics as a function of classification thresholds","columns":[{"__meta":{"schema_version":-1,"schema_name":"ColumnSpecsBase","schema_type":"Iced"},"name":"threshold","type":"double","format":"%f","description":"Threshold"},{"__meta":{"schema_version":-1,"schema_name":"ColumnSpecsBase","schema_type":"Iced"},"name":"f1","type":"double","format":"%f","description":"f1"},{"__meta":{"schema_version":-1,"schema_name":"ColumnSpecsBase","schema_type":"Iced"},"name":"f2","type":"double","format":"%f","description":"f2"},{"__meta":{"schema_version":-1,"schema_name":"ColumnSpecsBase","schema_type":"Iced"},"name":"f0point5","type":"double","format":"%f","description":"f0point5"},{"__meta":{"schema_version":-1,"schema_name":"ColumnSpecsBase","schema_type":"Iced"},"name":"accuracy","type":"double","format":"%f","description":"accuracy"},{"__meta":{"schema_version":-1,"schema_name":"ColumnSpecsBase","schema_type":"Iced"},"name":"precision","type":"double","format":"%f","description":"precision"},{"__meta":{"schema_version":-1,"schema_name":"ColumnSpecsBase","schema_type":"Iced"},"name":"recall","type":"double","format":"%f","description":"recall"},{"__meta":{"schema_version":-1,"schema_name":"ColumnSpecsBase","schema_type":"Iced"},"name":"specificity","type":"double","format":"%f","description":"specificity"},{"__meta":{"schema_version":-1,"schema_name":"ColumnSpecsBase","schema_type":"Iced"},"name":"absolute_mcc","type":"double","format":"%f","description":"absolute_mcc"},{"__meta":{"schema_version":-1,"schema_name":"ColumnSpecsBase","schema_type":"Iced"},"name":"min_per_class_accuracy","type":"double","format":"%f","description":"min_per_class_accuracy"},{"__meta":{"schema_version":-1,"schema_name":"ColumnSpecsBase","schema_type":"Iced"},"name":"mean_per_class_accuracy","type":"double","format":"%f","description":"mean_per_class_accuracy"},{"__meta":{"schema_version":-1,"schema_name":"ColumnSpecsBase","schema_type":"Iced"},"name":"tns","type":"long","format":"%d","description":"tns"},{"__meta":{"schema_version":-1,"schema_name":"ColumnSpecsBase","schema_type":"Iced"},"name":"fns","type":"long","format":"%d","description":"fns"},{"__meta":{"schema_version":-1,"schema_name":"ColumnSpecsBase","schema_type":"Iced"},"name":"fps","type":"long","format":"%d","description":"fps"},{"__meta":{"schema_version":-1,"schema_name":"ColumnSpecsBase","schema_type":"Iced"},"name":"tps","type":"long","format":"%d","description":"tps"},{"__meta":{"schema_version":-1,"schema_name":"ColumnSpecsBase","schema_type":"Iced"},"name":"tnr","type":"double","format":"%f","description":"tnr"},{"__meta":{"schema_version":-1,"schema_name":"ColumnSpecsBase","schema_type":"Iced"},"name":"fnr","type":"double","format":"%f","description":"fnr"},{"__meta":{"schema_version":-1,"schema_name":"ColumnSpecsBase","schema_type":"Iced"},"name":"fpr","type":"double","format":"%f","description":"fpr"},{"__meta":{"schema_version":-1,"schema_name":"ColumnSpecsBase","schema_type":"Iced"},"name":"tpr","type":"double","format":"%f","description":"tpr"},{"__meta":{"schema_version":-1,"schema_name":"ColumnSpecsBase","schema_type":"Iced"},"name":"idx","type":"int","format":"%d","description":"idx"}],"rowcount":8,"data":[[0.9052339196205139,0.9050909280776978,0.9048994779586792,0.3046222925186157,0.18999993801116943,0.09012399613857269,0.08936288952827454,0.08935056626796722],[0.33333333333333337,0.5714285714285715,1.0,0.9950248756218906,0.99009900990099,0.904977375565611,0.7117437722419929,0.6666666666666666],[0.23809523809523808,0.45454545454545453,1.0,0.998003992015968,0.9960159362549799,0.959692898272553,0.8605851979345955,0.8333333333333334],[0.5555555555555556,0.7692307692307692,1.0,0.9920634920634921,0.9842519685039369,0.8561643835616439,0.6067961165048544,0.5555555555555556],[0.6,0.7,1.0,0.995,0.99,0.895,0.595,0.5],[1.0,1.0,1.0,0.9900990099009901,0.9803921568627451,0.8264462809917356,0.5524861878453039,0.5],[0.2,0.4,1.0,1.0,1.0,1.0,1.0,1.0],[1.0,1.0,1.0,0.99,0.98,0.79,0.19,0.0],[0.3333333333333333,0.5,1.0,0.9900495037128093,0.9801960588196069,0.8080176743014172,0.323994406881674,0.0],[0.2,0.4,1.0,0.99,0.98,0.79,0.19,0.0],[0.6,0.7,1.0,0.995,0.99,0.895,0.595,0.5],[100,100,100,99,98,79,19,0],[80,60,0,0,0,0,0,0],[0,0,0,1,2,21,81,100],[20,40,100,100,100,100,100,100],[1.0,1.0,1.0,0.99,0.98,0.79,0.19,0.0],[0.8,0.6,0.0,0.0,0.0,0.0,0.0,0.0],[0.0,0.0,0.0,0.01,0.02,0.21,0.81,1.0],[0.2,0.4,1.0,1.0,1.0,1.0,1.0,1.0],[0,1,2,3,4,5,6,7]]},"max_criteria_and_metric_scores":{"__meta":{"schema_version":3,"schema_name":"TwoDimTableV3","schema_type":"TwoDimTable"},"name":"Maximum Metrics","description":"Maximum metrics at their respective thresholds","columns":[{"__meta":{"schema_version":-1,"schema_name":"ColumnSpecsBase","schema_type":"Iced"},"name":"metric","type":"string","format":"%s","description":"Metric"},{"__meta":{"schema_version":-1,"schema_name":"ColumnSpecsBase","schema_type":"Iced"},"name":"threshold","type":"double","format":"%f","description":"Threshold"},{"__meta":{"schema_version":-1,"schema_name":"ColumnSpecsBase","schema_type":"Iced"},"name":"value","type":"double","format":"%f","description":"Value"},{"__meta":{"schema_version":-1,"schema_name":"ColumnSpecsBase","schema_type":"Iced"},"name":"idx","type":"long","format":"%d","description":"idx"}],"rowcount":18,"data":[["max f1","max f2","max f0point5","max accuracy","max precision","max recall","max specificity","max absolute_mcc","max min_per_class_accuracy","max mean_per_class_accuracy","max tns","max fns","max fps","max tps","max tnr","max fnr","max fpr","max tpr"],[0.9048994779586792,0.9048994779586792,0.9048994779586792,0.9048994779586792,0.9052339196205139,0.9048994779586792,0.9052339196205139,0.9048994779586792,0.9048994779586792,0.9048994779586792,0.9052339196205139,0.9052339196205139,0.08935056626796722,0.9048994779586792,0.9052339196205139,0.9052339196205139,0.08935056626796722,0.9048994779586792],[1.0,1.0,1.0,1.0,1.0,1.0,1.0,1.0,1.0,1.0,100.0,80.0,100.0,100.0,1.0,0.8,1.0,1.0],[2,2,2,2,0,2,0,2,2,2,0,0,7,2,0,0,7,2]]},"gains_lift_table":{"__meta":{"schema_version":3,"schema_name":"TwoDimTableV3","schema_type":"TwoDimTable"},"name":"Gains/Lift Table","description":"Avg response rate: 50.00 %, avg score: 49.88 %","columns":[{"__meta":{"schema_version":-1,"schema_name":"ColumnSpecsBase","schema_type":"Iced"},"name":"group","type":"int","format":"%d","description":"Group"},{"__meta":{"schema_version":-1,"schema_name":"ColumnSpecsBase","schema_type":"Iced"},"name":"cumulative_data_fraction","type":"double","format":"%.8f","description":"Cumulative Data Fraction"},{"__meta":{"schema_version":-1,"schema_name":"ColumnSpecsBase","schema_type":"Iced"},"name":"lower_threshold","type":"double","format":"%5f","description":"Lower Threshold"},{"__meta":{"schema_version":-1,"schema_name":"ColumnSpecsBase","schema_type":"Iced"},"name":"lift","type":"double","format":"%5f","description":"Lift"},{"__meta":{"schema_version":-1,"schema_name":"ColumnSpecsBase","schema_type":"Iced"},"name":"cumulative_lift","type":"double","format":"%5f","description":"Cumulative Lift"},{"__meta":{"schema_version":-1,"schema_name":"ColumnSpecsBase","schema_type":"Iced"},"name":"response_rate","type":"double","format":"%5f","description":"Response Rate"},{"__meta":{"schema_version":-1,"schema_name":"ColumnSpecsBase","schema_type":"Iced"},"name":"score","type":"double","format":"%5f","description":"Score"},{"__meta":{"schema_version":-1,"schema_name":"ColumnSpecsBase","schema_type":"Iced"},"name":"cumulative_response_rate","type":"double","format":"%5f","description":"Cumulative Response Rate"},{"__meta":{"schema_version":-1,"schema_name":"ColumnSpecsBase","schema_type":"Iced"},"name":"cumulative_score","type":"double","format":"%5f","description":"Cumulative Score"},{"__meta":{"schema_version":-1,"schema_name":"ColumnSpecsBase","schema_type":"Iced"},"name":"capture_rate","type":"double","format":"%5f","description":"Capture Rate"},{"__meta":{"schema_version":-1,"schema_name":"ColumnSpecsBase","schema_type":"Iced"},"name":"cumulative_capture_rate","type":"double","format":"%5f","description":"Cumulative Capture Rate"},{"__meta":{"schema_version":-1,"schema_name":"ColumnSpecsBase","schema_type":"Iced"},"name":"gain","type":"double","format":"%5f","description":"Gain"},{"__meta":{"schema_version":-1,"schema_name":"ColumnSpecsBase","schema_type":"Iced"},"name":"cumulative_gain","type":"double","format":"%5f","description":"Cumulative Gain"},{"__meta":{"schema_version":-1,"schema_name":"ColumnSpecsBase","schema_type":"Iced"},"name":"kolmogorov_smirnov","type":"double","format":"%5f","description":"Kolmogorov Smirnov"}],"rowcount":9,"data":[[1,2,3,4,5,6,7,8,9],[0.1,0.1,0.2,0.2,0.5,0.5,0.605,0.905,1.0],[0.90523392,0.905105229,0.90509093,0.90493777,0.90489948,0.6047608850000032,0.090124,0.08936289,0.08935057],[2.0,0.0,2.0,0.0,2.0,0.0,0.0,0.0,0.0],[2.0,2.0,2.0,2.0,2.0,2.0,1.6528925619834711,1.1049723756906078,1.0],[1.0,0.0,1.0,0.0,1.0,0.0,0.0,0.0,0.0],[0.9052339200000002,0.0,0.9050909299999998,0.0,0.9048994799999991,0.0,0.10509420142857147,0.08936289000000004,0.08935056999999996],[1.0,1.0,1.0,1.0,1.0,1.0,0.8264462809917356,0.5524861878453039,0.5],[0.9052339200000002,0.9052339200000002,0.905162425,0.905162425,0.9050046579999994,0.9050046579999994,0.7661772233884293,0.541818880828729,0.4988343912999998],[0.2,0.0,0.2,0.0,0.6,0.0,0.0,0.0,0.0],[0.2,0.2,0.4,0.4,1.0,1.0,1.0,1.0,1.0],[100.0,-100.0,100.0,-100.0,100.0,-100.0,-100.0,-100.0,-100.0],[100.0,100.0,100.0,100.0,100.0,100.0,65.28925619834712,10.497237569060779,0.0],[0.2,0.2,0.4,0.4,1.0,1.0,0.79,0.18999999999999995,0.0]]}},"cross_validation_metrics_summary":{"__meta":{"schema_version":3,"schema_name":"TwoDimTableV3","schema_type":"TwoDimTable"},"name":"Cross-Validation Metrics Summary","description":"","columns":[{"__meta":{"schema_version":-1,"schema_name":"ColumnSpecsBase","schema_type":"Iced"},"name":"","type":"string","format":"%s","description":""},{"__meta":{"schema_version":-1,"schema_name":"ColumnSpecsBase","schema_type":"Iced"},"name":"mean","type":"float","format":"%f","description":"mean"},{"__meta":{"schema_version":-1,"schema_name":"ColumnSpecsBase","schema_type":"Iced"},"name":"sd","type":"float","format":"%f","description":"sd"},{"__meta":{"schema_version":-1,"schema_name":"ColumnSpecsBase","schema_type":"Iced"},"name":"cv_1_valid","type":"float","format":"%f","description":"cv_1_valid"},{"__meta":{"schema_version":-1,"schema_name":"ColumnSpecsBase","schema_type":"Iced"},"name":"cv_2_valid","type":"float","format":"%f","description":"cv_2_valid"},{"__meta":{"schema_version":-1,"schema_name":"ColumnSpecsBase","schema_type":"Iced"},"name":"cv_3_valid","type":"float","format":"%f","description":"cv_3_valid"},{"__meta":{"schema_version":-1,"schema_name":"ColumnSpecsBase","schema_type":"Iced"},"name":"cv_4_valid","type":"float","format":"%f","description":"cv_4_valid"},{"__meta":{"schema_version":-1,"schema_name":"ColumnSpecsBase","schema_type":"Iced"},"name":"cv_5_valid","type":"float","format":"%f","description":"cv_5_valid"}],"rowcount":22,"data":[["accuracy","aic","auc","err","err_count","f0point5","f1","f2","lift_top_group","loglikelihood","logloss","max_per_class_error","mcc","mean_per_class_accuracy","mean_per_class_error","mse","pr_auc","precision","r2","recall","rmse","specificity"],[1.0,"NaN",1.0,0.0,0.0,1.0,1.0,1.0,2.0,"NaN",0.09872515,0.0,1.0,1.0,0.0,0.009082315,1.0,1.0,0.96367073,1.0,0.09520507,1.0],[0.0,0.0,0.0,0.0,0.0,0.0,0.0,0.0,0.0,0.0,0.0030497143,0.0,0.0,0.0,0.0,9.346952E-4,0.0,0.0,0.0037387807,0.0,0.0047841435,0.0],[1.0,"NaN",1.0,0.0,0.0,1.0,1.0,1.0,2.0,"NaN",0.09958666,0.0,1.0,1.0,0.0,0.009198539,1.0,1.0,0.9632058,1.0,0.095909014,1.0],[1.0,"NaN",1.0,0.0,0.0,1.0,1.0,1.0,2.0,"NaN",0.10372575,0.0,1.0,1.0,0.0,0.010668282,1.0,1.0,0.9573269,1.0,0.10328738,1.0],[1.0,"NaN",1.0,0.0,0.0,1.0,1.0,1.0,2.0,"NaN",0.096771106,0.0,1.0,1.0,0.0,0.008514917,1.0,1.0,0.96594036,1.0,0.09227631,1.0],[1.0,"NaN",1.0,0.0,0.0,1.0,1.0,1.0,2.0,"NaN",0.096771106,0.0,1.0,1.0,0.0,0.008514917,1.0,1.0,0.96594036,1.0,0.09227631,1.0],[1.0,"NaN",1.0,0.0,0.0,1.0,1.0,1.0,2.0,"NaN",0.096771106,0.0,1.0,1.0,0.0,0.008514917,1.0,1.0,0.96594036,1.0,0.09227631,1.0]]},"status":null,"start_time":1755648108780,"end_time":1755648109258,"run_time":478,"default_threshold":0.9288157820701599,"help":{"domains":"Domains for categorical columns", "__meta":"Metadata on this schema instance, to make it self-describing.", "help":"Help information for output fields", "training_metrics":"Training data model metrics", "cross_validation_models":"Cross-validation models (model ids)", "cross_validation_predictions":"Cross-validation predictions, one per cv model (deprecated, use cross_validation_holdout_predictions_frame_id instead)", "cross_validation_metrics_summary":"Cross-validation model metrics summary", "variable_importances_frequency":"Variable Importances - Frequency", "status":"Job status", "reproducibility_information_table":"Model reproducibility information", "variable_importances":"Variable Importances", "model_summary":"Model summary", "variable_importances_cover":"Variable Importances - Cover", "end_time":"End time in milliseconds", "names":"Column names", "cross_validation_fold_assignment_frame_id":"Cross-validation fold assignment (each row is assigned to one holdout fold)", "sparse":"Sparse", "run_time":"Runtime in milliseconds", "default_threshold":"Default threshold used for predictions", "scoring_history":"Scoring history", "cross_validation_holdout_predictions_frame_id":"Cross-validation holdout predictions (full out-of-sample predictions on training data)", "model_category":"Category of the model (e.g., Binomial)", "native_parameters":"XGBoost Native Parameters", "column_types":"Column types", "original_names":"Original column names", "start_time":"Start time in milliseconds", "cv_scoring_history":"Cross-Validation scoring history", "cross_validation_metrics":"Cross-validation model metrics", "validation_metrics":"Validation data model metrics"},"variable_importances":{"__meta":{"schema_version":3,"schema_name":"TwoDimTableV3","schema_type":"TwoDimTable"},"name":"Variable Importances","description":"","columns":[{"__meta":{"schema_version":-1,"schema_name":"ColumnSpecsBase","schema_type":"Iced"},"name":"variable","type":"string","format":"%s","description":"Variable"},{"__meta":{"schema_version":-1,"schema_name":"ColumnSpecsBase","schema_type":"Iced"},"name":"relative_importance","type":"double","format":"%5f","description":"Relative Importance"},{"__meta":{"schema_version":-1,"schema_name":"ColumnSpecsBase","schema_type":"Iced"},"name":"scaled_importance","type":"double","format":"%5f","description":"Scaled Importance"},{"__meta":{"schema_version":-1,"schema_name":"ColumnSpecsBase","schema_type":"Iced"},"name":"percentage","type":"double","format":"%5f","description":"Percentage"}],"rowcount":2,"data":[["length","entropy"],[235.1308135986328,37.39753341674805],[1.0,0.15904990436764047],[0.8627756201279223,0.13722437987207775]]},"variable_importances_cover":{"__meta":{"schema_version":3,"schema_name":"TwoDimTableV3","schema_type":"TwoDimTable"},"name":"Variable Importances - Cover","description":"","columns":[{"__meta":{"schema_version":-1,"schema_name":"ColumnSpecsBase","schema_type":"Iced"},"name":"variable","type":"string","format":"%s","description":"Variable"},{"__meta":{"schema_version":-1,"schema_name":"ColumnSpecsBase","schema_type":"Iced"},"name":"relative_importance","type":"double","format":"%5f","description":"Relative Importance"},{"__meta":{"schema_version":-1,"schema_name":"ColumnSpecsBase","schema_type":"Iced"},"name":"scaled_importance","type":"double","format":"%5f","description":"Scaled Importance"},{"__meta":{"schema_version":-1,"schema_name":"ColumnSpecsBase","schema_type":"Iced"},"name":"percentage","type":"double","format":"%5f","description":"Percentage"}],"rowcount":2,"data":[["length","entropy"],[110.66433715820312,21.82192039489746],[1.0,0.197190178473679],[0.8352891779273695,0.16471082207263057]]},"variable_importances_frequency":{"__meta":{"schema_version":3,"schema_name":"TwoDimTableV3","schema_type":"TwoDimTable"},"name":"Variable Importances - Frequency","description":"","columns":[{"__meta":{"schema_version":-1,"schema_name":"ColumnSpecsBase","schema_type":"Iced"},"name":"variable","type":"string","format":"%s","description":"Variable"},{"__meta":{"schema_version":-1,"schema_name":"ColumnSpecsBase","schema_type":"Iced"},"name":"relative_importance","type":"double","format":"%5f","description":"Relative Importance"},{"__meta":{"schema_version":-1,"schema_name":"ColumnSpecsBase","schema_type":"Iced"},"name":"scaled_importance","type":"double","format":"%5f","description":"Scaled Importance"},{"__meta":{"schema_version":-1,"schema_name":"ColumnSpecsBase","schema_type":"Iced"},"name":"percentage","type":"double","format":"%5f","description":"Percentage"}],"rowcount":2,"data":[["length","entropy"],[6.0,1.0],[1.0,0.16666666666666666],[0.8571428571428571,0.14285714285714285]]},"native_parameters":{"__meta":{"schema_version":3,"schema_name":"TwoDimTableV3","schema_type":"TwoDimTable"},"name":"Native XGBoost Parameters","description":"","columns":[{"__meta":{"schema_version":-1,"schema_name":"ColumnSpecsBase","schema_type":"Iced"},"name":"","type":"string","format":"%s","description":""},{"__meta":{"schema_version":-1,"schema_name":"ColumnSpecsBase","schema_type":"Iced"},"name":"name","type":"string","format":"%s","description":"Name"},{"__meta":{"schema_version":-1,"schema_name":"ColumnSpecsBase","schema_type":"Iced"},"name":"value","type":"string","format":"%s","description":"Value"}],"rowcount":18,"data":[["","","","","","","","","","","","","","","","","",""],["silent","eta","colsample_bylevel","objective","min_child_weight","nthread","seed","max_depth","colsample_bytree","lambda","gamma","alpha","booster","grow_policy","nround","subsample","max_delta_step","tree_method"],[true,0.3,0.8,"binary:logistic",5.0,2,4,10,0.8,1.0,0.0,0.0,"gbtree","depthwise",35,0.6,0.0,"exact"]]},"sparse":false},"compatible_frames":null}
